Institution ID,Institution Name,Total Student Count,LRE Students >80%,LRE Students >80% Target,LRE Students <40%,LRE Students <40% Target,LRE Students Separate Settings,LRE Students Separate Settings Target,Elementary School Participation ELA,Elementary School Participation ELA Target,Middle School Participation ELA,Middle School Participation ELA Target,High School Participation ELA,High School Participation ELA Target,Elementary School Meet/Exceed ELA,Elementary School Meet/Exceed ELA Target,Middle School Meet/Exceed ELA,Middle School Meet/Exceed ELA Target,High School Meet/Exceed ELA,High School Meet/Exceed ELA Target,Elementary School Participation Math,Elementary School Participation Math Target,Middle School Participation Math,Middle School Participation Math Target,High School Participation Math,High School Participation Math Target,Elementary School Meet/Exceed Math,Elementary School Meet/Exceed Math Target,Middle School Meet/Exceed Math,Middle School Meet/Exceed Math Target,High School Meet/Exceed Math,High School Meet/Exceed Math Target,Special Education Eligibility,Special Education Eligibility Target,Parent Involvement,Parent Involvement Target,Secondary Transition,Secondary Transition Target,SuspExplFg,SuspExplFg Target (% of Districts),SuspExplRaceEthnicityFg,SuspExplRaceEthnicityFg Target (% of Districts),DisPrptnRprsntnFg,DisPrptnRprsntnFg Target (% of Districts),DisPrptnRprsntnDsbltyFg,DisPrptnRprsntnDsbltyFg Target (% of Districts),IEP 4Yr Cohort Grad 17-18,IEP 4Yr Cohort Grad 17-18 Target,IEP 5Yr Cohort Grad 17-18,IEP 5Yr Cohort Grad 17-18 Target,IEP Dropout 17-18,IEP Dropout 17-18 Target,Higher Ed,Higher Ed Target,Higher Ed/Employed,Higher Ed/Employed Target,Higher Ed/Training/Employed,Higher Ed/Training/Employed Target
2063,Adel SD 21,*,*,75.00% or more,*,10.60% or less,*,1.80% or less,*,95.00%,*,95.00%,*,95.00%,*,41.00%,*,41.00%,*,41.00%,*,95.00%,*,95.00%,*,95.00%,*,39.00%,*,39.00%,*,39.00%,*,100.00%,*,81.23%,*,100.00%,No ,62.00% or less,No ,0.00%,No ,0.00%,No ,0.00%,*,86.00% or more,*,86.00% or more,*,3.1% or less,*,32% or more,*,56% or more,*,74% or more
2113,Adrian SD 61,51,92.16%,75.00% or more,1.96%,10.60% or less,0.00%,1.80% or less,*,95.00%,*,95.00%,*,95.00%,*,41.00%,*,41.00%,*,41.00%,*,95.00%,*,95.00%,*,95.00%,*,39.00%,*,39.00%,*,39.00%,100.00%,100.00%,*,81.23%,83.33%,100.00%,No ,62.00% or less,No ,0.00%,No ,0.00%,No ,0.00%,*,86.00% or more,*,86.00% or more,0.00%,3.1% or less,*,32% or more,*,56% or more,*,74% or more
1899,Alsea SD 7J,38,78.95%,75.00% or more,2.63%,10.60% or less,0.00%,1.80% or less,*,95.00%,*,95.00%,*,95.00%,*,41.00%,*,41.00%,*,41.00%,*,95.00%,*,95.00%,*,95.00%,*,39.00%,*,39.00%,*,39.00%,*,100.00%,*,81.23%,*,100.00%,No ,62.00% or less,No ,0.00%,No ,0.00%,No ,0.00%,*,86.00% or more,*,86.00% or more,23.08%,3.1% or less,*,32% or more,*,56% or more,*,74% or more
2252,Amity SD 4J,140,65.71%,75.00% or more,7.86%,10.60% or less,1.43%,1.80% or less,*,95.00%,*,95.00%,*,95.00%,*,41.00%,*,41.00%,*,41.00%,*,95.00%,*,95.00%,*,95.00%,*,39.00%,*,39.00%,*,39.00%,*,100.00%,*,81.23%,62.50%,100.00%,No ,62.00% or less,No ,0.00%,No ,0.00%,No ,0.00%,*,86.00% or more,76.47%,86.00% or more,6.12%,3.1% or less,*,32% or more,*,56% or more,*,74% or more
2111,Annex SD 29,7,71.43%,75.00% or more,0.00%,10.60% or less,0.00%,1.80% or less,*,95.00%,*,95.00%,*,95.00%,*,41.00%,*,41.00%,*,41.00%,*,95.00%,*,95.00%,*,95.00%,*,39.00%,*,39.00%,*,39.00%,*,100.00%,*,81.23%,*,100.00%,No ,62.00% or less,No ,0.00%,No ,0.00%,No ,0.00%,*,86.00% or more,*,86.00% or more,*,3.1% or less,*,32% or more,*,56% or more,*,74% or more
2005,Arlington SD 3,29,93.10%,75.00% or more,3.45%,10.60% or less,0.00%,1.80% or less,*,95.00%,*,95.00%,*,95.00%,*,41.00%,*,41.00%,*,41.00%,*,95.00%,*,95.00%,*,95.00%,*,39.00%,*,39.00%,*,39.00%,*,100.00%,*,81.23%,*,100.00%,No ,62.00% or less,No ,0.00%,No ,0.00%,No ,0.00%,*,86.00% or more,*,86.00% or more,0.00%,3.1% or less,*,32% or more,*,56% or more,*,74% or more
2115,Arock SD 81,*,*,75.00% or more,*,10.60% or less,*,1.80% or less,*,95.00%,*,95.00%,*,95.00%,*,41.00%,*,41.00%,*,41.00%,*,95.00%,*,95.00%,*,95.00%,*,39.00%,*,39.00%,*,39.00%,*,100.00%,*,81.23%,*,100.00%,No ,62.00% or less,No ,0.00%,No ,0.00%,No ,0.00%,*,86.00% or more,*,86.00% or more,*,3.1% or less,*,32% or more,*,56% or more,*,74% or more
2041,Ashland SD 5,342,76.02%,75.00% or more,7.89%,10.60% or less,0.88%,1.80% or less,*,95.00%,*,95.00%,*,95.00%,*,41.00%,*,41.00%,*,41.00%,*,95.00%,*,95.00%,*,95.00%,*,39.00%,*,39.00%,*,39.00%,100.00%,100.00%,85.45%,81.23%,66.67%,100.00%,No ,62.00% or less,No ,0.00%,No ,0.00%,No ,0.00%,84.62,86.00% or more,80.00%,86.00% or more,3.92%,3.1% or less,*,32% or more,*,56% or more,*,74% or more
2051,Ashwood SD 8,*,*,75.00% or more,*,10.60% or less,*,1.80% or less,*,95.00%,*,95.00%,*,95.00%,*,41.00%,*,41.00%,*,41.00%,*,95.00%,*,95.00%,*,95.00%,*,39.00%,*,39.00%,*,39.00%,*,100.00%,*,81.23%,*,100.00%,No ,62.00% or less,No ,0.00%,No ,0.00%,No ,0.00%,*,86.00% or more,*,86.00% or more,*,3.1% or less,*,32% or more,*,56% or more,*,74% or more
1933,Astoria SD 1,244,69.26%,75.00% or more,7.79%,10.60% or less,0.82%,1.80% or less,*,95.00%,*,95.00%,*,95.00%,*,41.00%,*,41.00%,*,41.00%,*,95.00%,*,95.00%,*,95.00%,*,39.00%,*,39.00%,*,39.00%,92.59%,100.00%,96.67%,81.23%,83.33%,100.00%,No ,62.00% or less,No ,0.00%,No ,0.00%,No ,0.00%,72.22,86.00% or more,52.63%,86.00% or more,4.65%,3.1% or less,*,32% or more,*,56% or more,*,74% or more
2208,Athena-Weston SD 29RJ,86,84.88%,75.00% or more,3.49%,10.60% or less,0.00%,1.80% or less,*,95.00%,*,95.00%,*,95.00%,*,41.00%,*,41.00%,*,41.00%,*,95.00%,*,95.00%,*,95.00%,*,39.00%,*,39.00%,*,39.00%,100.00%,100.00%,88.89%,81.23%,100.00%,100.00%,No ,62.00% or less,No ,0.00%,No ,0.00%,No ,0.00%,>95,86.00% or more,*,86.00% or more,2.70%,3.1% or less,*,32% or more,*,56% or more,*,74% or more
1894,Baker SD 5J,492,95.53%,75.00% or more,1.42%,10.60% or less,0.00%,1.80% or less,*,95.00%,*,95.00%,*,95.00%,*,41.00%,*,41.00%,*,41.00%,*,95.00%,*,95.00%,*,95.00%,*,39.00%,*,39.00%,*,39.00%,97.37%,100.00%,92.86%,81.23%,100.00%,100.00%,No ,62.00% or less,No ,0.00%,No ,0.00%,No ,0.00%,45.71,86.00% or more,59.46%,86.00% or more,4.32%,3.1% or less,*,32% or more,*,56% or more,*,74% or more
1969,Bandon SD 54,96,73.96%,75.00% or more,8.33%,10.60% or less,1.04%,1.80% or less,*,95.00%,*,95.00%,*,95.00%,*,41.00%,*,41.00%,*,41.00%,*,95.00%,*,95.00%,*,95.00%,*,39.00%,*,39.00%,*,39.00%,100.00%,100.00%,87.50%,81.23%,100.00%,100.00%,No ,62.00% or less,No ,0.00%,No ,0.00%,No ,0.00%,*,86.00% or more,66.67%,86.00% or more,0.00%,3.1% or less,*,32% or more,*,56% or more,*,74% or more
2240,Banks SD 13,156,80.77%,75.00% or more,6.41%,10.60% or less,4.49%,1.80% or less,*,95.00%,*,95.00%,*,95.00%,*,41.00%,*,41.00%,*,41.00%,*,95.00%,*,95.00%,*,95.00%,*,39.00%,*,39.00%,*,39.00%,100.00%,100.00%,89.47%,81.23%,100.00%,100.00%,No ,62.00% or less,No ,0.00%,No ,0.00%,No ,0.00%,*,86.00% or more,93.33%,86.00% or more,0.00%,3.1% or less,*,32% or more,*,56% or more,*,74% or more
2243,Beaverton SD 48J,5079,79.35%,75.00% or more,14.18%,10.60% or less,1.79%,1.80% or less,*,95.00%,*,95.00%,*,95.00%,*,41.00%,*,41.00%,*,41.00%,*,95.00%,*,95.00%,*,95.00%,*,39.00%,*,39.00%,*,39.00%,99.19%,100.00%,79.70%,81.23%,58.82%,100.00%,No ,62.00% or less,No ,0.00%,No ,0.00%,No ,0.00%,61.86,86.00% or more,72.25%,86.00% or more,3.42%,3.1% or less,*,32% or more,*,56% or more,*,74% or more
1976,Bend-LaPine Administrative SD 1,1862,78.57%,75.00% or more,9.94%,10.60% or less,0.43%,1.80% or less,*,95.00%,*,95.00%,*,95.00%,*,41.00%,*,41.00%,*,41.00%,*,95.00%,*,95.00%,*,95.00%,*,39.00%,*,39.00%,*,39.00%,98.98%,100.00%,88.03%,81.23%,60.00%,100.00%,No ,62.00% or less,No ,0.00%,No ,0.00%,No ,0.00%,70.40,86.00% or more,71.11%,86.00% or more,4.81%,3.1% or less,*,32% or more,*,56% or more,*,74% or more
2088,Bethel SD 52,1015,65.91%,75.00% or more,13.40%,10.60% or less,1.58%,1.80% or less,*,95.00%,*,95.00%,*,95.00%,*,41.00%,*,41.00%,*,41.00%,*,95.00%,*,95.00%,*,95.00%,*,39.00%,*,39.00%,*,39.00%,95.00%,100.00%,77.11%,81.23%,100.00%,100.00%,No ,62.00% or less,No ,0.00%,No ,0.00%,No ,0.00%,53.73,86.00% or more,51.81%,86.00% or more,4.35%,3.1% or less,*,32% or more,*,56% or more,*,74% or more
2095,Blachly SD 90,52,75.00%,75.00% or more,0.00%,10.60% or less,0.00%,1.80% or less,*,95.00%,*,95.00%,*,95.00%,*,41.00%,*,41.00%,*,41.00%,*,95.00%,*,95.00%,*,95.00%,*,39.00%,*,39.00%,*,39.00%,*,100.00%,*,81.23%,*,100.00%,No ,62.00% or less,No ,0.00%,No ,0.00%,No ,0.00%,*,86.00% or more,*,86.00% or more,5.26%,3.1% or less,*,32% or more,*,56% or more,*,74% or more
2052,Black Butte SD 41,*,*,75.00% or more,*,10.60% or less,*,1.80% or less,*,95.00%,*,95.00%,*,95.00%,*,41.00%,*,41.00%,*,41.00%,*,95.00%,*,95.00%,*,95.00%,*,39.00%,*,39.00%,*,39.00%,*,100.00%,*,81.23%,*,100.00%,No ,62.00% or less,No ,0.00%,No ,0.00%,No ,0.00%,*,86.00% or more,*,86.00% or more,*,3.1% or less,*,32% or more,*,56% or more,*,74% or more
1974,Brookings-Harbor SD 17C,238,65.97%,75.00% or more,14.29%,10.60% or less,0.00%,1.80% or less,*,95.00%,*,95.00%,*,95.00%,*,41.00%,*,41.00%,*,41.00%,*,95.00%,*,95.00%,*,95.00%,*,39.00%,*,39.00%,*,39.00%,100.00%,100.00%,84.21%,81.23%,66.67%,100.00%,No ,62.00% or less,No ,0.00%,No ,0.00%,No ,0.00%,63.64,86.00% or more,50.00%,86.00% or more,0.00%,3.1% or less,*,32% or more,*,56% or more,*,74% or more
1896,Burnt River SD 30J,6,100.00%,75.00% or more,0.00%,10.60% or less,0.00%,1.80% or less,*,95.00%,*,95.00%,*,95.00%,*,41.00%,*,41.00%,*,41.00%,*,95.00%,*,95.00%,*,95.00%,*,39.00%,*,39.00%,*,39.00%,*,100.00%,*,81.23%,*,100.00%,No ,62.00% or less,No ,0.00%,No ,0.00%,No ,0.00%,*,86.00% or more,*,86.00% or more,*,3.1% or less,*,32% or more,*,56% or more,*,74% or more
2046,Butte Falls SD 91,53,94.34%,75.00% or more,0.00%,10.60% or less,1.89%,1.80% or less,*,95.00%,*,95.00%,*,95.00%,*,41.00%,*,41.00%,*,41.00%,*,95.00%,*,95.00%,*,95.00%,*,39.00%,*,39.00%,*,39.00%,100.00%,100.00%,*,81.23%,100.00%,100.00%,No ,62.00% or less,No ,0.00%,No ,0.00%,No ,0.00%,*,86.00% or more,*,86.00% or more,0.00%,3.1% or less,*,32% or more,*,56% or more,*,74% or more
1995,Camas Valley SD 21J,35,74.29%,75.00% or more,0.00%,10.60% or less,0.00%,1.80% or less,*,95.00%,*,95.00%,*,95.00%,*,41.00%,*,41.00%,*,41.00%,*,95.00%,*,95.00%,*,95.00%,*,39.00%,*,39.00%,*,39.00%,*,100.00%,*,81.23%,100.00%,100.00%,No ,62.00% or less,No ,0.00%,No ,0.00%,No ,0.00%,*,86.00% or more,*,86.00% or more,0.00%,3.1% or less,*,32% or more,*,56% or more,*,74% or more
1929,Canby SD 86,600,70.67%,75.00% or more,8.33%,10.60% or less,3.83%,1.80% or less,*,95.00%,*,95.00%,*,95.00%,*,41.00%,*,41.00%,*,41.00%,*,95.00%,*,95.00%,*,95.00%,*,39.00%,*,39.00%,*,39.00%,100.00%,100.00%,85.19%,81.23%,100.00%,100.00%,No ,62.00% or less,No ,0.00%,No ,0.00%,No ,0.00%,76.32,86.00% or more,80.00%,86.00% or more,2.11%,3.1% or less,*,32% or more,*,56% or more,*,74% or more
2139,Cascade SD 5,379,77.31%,75.00% or more,14.51%,10.60% or less,0.00%,1.80% or less,*,95.00%,*,95.00%,*,95.00%,*,41.00%,*,41.00%,*,41.00%,*,95.00%,*,95.00%,*,95.00%,*,39.00%,*,39.00%,*,39.00%,100.00%,100.00%,89.19%,81.23%,66.67%,100.00%,No ,62.00% or less,No ,0.00%,No ,0.00%,No ,0.00%,70.83,86.00% or more,67.86%,86.00% or more,3.81%,3.1% or less,*,32% or more,*,56% or more,*,74% or more
2185,Centennial SD 28J,859,68.80%,75.00% or more,8.73%,10.60% or less,5.47%,1.80% or less,*,95.00%,*,95.00%,*,95.00%,*,41.00%,*,41.00%,*,41.00%,*,95.00%,*,95.00%,*,95.00%,*,39.00%,*,39.00%,*,39.00%,98.82%,100.00%,87.50%,81.23%,100.00%,100.00%,No ,62.00% or less,No ,0.00%,No ,0.00%,No ,0.00%,46.91,86.00% or more,51.19%,86.00% or more,9.18%,3.1% or less,*,32% or more,*,56% or more,*,74% or more
1972,Central Curry SD 1,60,93.33%,75.00% or more,0.00%,10.60% or less,1.67%,1.80% or less,*,95.00%,*,95.00%,*,95.00%,*,41.00%,*,41.00%,*,41.00%,*,95.00%,*,95.00%,*,95.00%,*,39.00%,*,39.00%,*,39.00%,100.00%,100.00%,*,81.23%,100.00%,100.00%,No ,62.00% or less,No ,0.00%,No ,0.00%,No ,0.00%,*,86.00% or more,*,86.00% or more,16.00%,3.1% or less,*,32% or more,*,56% or more,*,74% or more
2105,Central Linn SD 552,96,81.25%,75.00% or more,10.42%,10.60% or less,1.04%,1.80% or less,*,95.00%,*,95.00%,*,95.00%,*,41.00%,*,41.00%,*,41.00%,*,95.00%,*,95.00%,*,95.00%,*,39.00%,*,39.00%,*,39.00%,90.48%,100.00%,84.21%,81.23%,100.00%,100.00%,No ,62.00% or less,No ,0.00%,No ,0.00%,No ,0.00%,41.67,86.00% or more,*,86.00% or more,6.98%,3.1% or less,*,32% or more,*,56% or more,*,74% or more
2042,Central Point SD 6,680,68.97%,75.00% or more,17.21%,10.60% or less,0.44%,1.80% or less,*,95.00%,*,95.00%,*,95.00%,*,41.00%,*,41.00%,*,41.00%,*,95.00%,*,95.00%,*,95.00%,*,39.00%,*,39.00%,*,39.00%,97.06%,100.00%,81.36%,81.23%,33.33%,100.00%,Yes,62.00% or less,No ,0.00%,No ,0.00%,No ,0.00%,57.50,86.00% or more,62.22%,86.00% or more,1.90%,3.1% or less,*,32% or more,*,56% or more,*,74% or more
2191,Central SD 13J,357,65.83%,75.00% or more,15.97%,10.60% or less,1.40%,1.80% or less,*,95.00%,*,95.00%,*,95.00%,*,41.00%,*,41.00%,*,41.00%,*,95.00%,*,95.00%,*,95.00%,*,39.00%,*,39.00%,*,39.00%,92.00%,100.00%,80.77%,81.23%,50.00%,100.00%,No ,62.00% or less,No ,0.00%,No ,0.00%,No ,0.00%,65.52,86.00% or more,80.56%,86.00% or more,5.00%,3.1% or less,*,32% or more,*,56% or more,*,74% or more
1945,Clatskanie SD 6J,131,61.07%,75.00% or more,19.85%,10.60% or less,0.76%,1.80% or less,*,95.00%,*,95.00%,*,95.00%,*,41.00%,*,41.00%,*,41.00%,*,95.00%,*,95.00%,*,95.00%,*,39.00%,*,39.00%,*,39.00%,100.00%,100.00%,42.86%,81.23%,100.00%,100.00%,No ,62.00% or less,No ,0.00%,No ,0.00%,No ,0.00%,66.67,86.00% or more,*,86.00% or more,6.12%,3.1% or less,*,32% or more,*,56% or more,*,74% or more
1927,Colton SD 53,81,90.12%,75.00% or more,1.23%,10.60% or less,2.47%,1.80% or less,*,95.00%,*,95.00%,*,95.00%,*,41.00%,*,41.00%,*,41.00%,*,95.00%,*,95.00%,*,95.00%,*,39.00%,*,39.00%,*,39.00%,*,100.00%,*,81.23%,100.00%,100.00%,No ,62.00% or less,No ,0.00%,No ,0.00%,No ,0.00%,*,86.00% or more,81.82%,86.00% or more,3.23%,3.1% or less,*,32% or more,*,56% or more,*,74% or more
2006,Condon SD 25J,21,85.71%,75.00% or more,4.76%,10.60% or less,0.00%,1.80% or less,*,95.00%,*,95.00%,*,95.00%,*,41.00%,*,41.00%,*,41.00%,*,95.00%,*,95.00%,*,95.00%,*,39.00%,*,39.00%,*,39.00%,*,100.00%,*,81.23%,*,100.00%,No ,62.00% or less,No ,0.00%,No ,0.00%,No ,0.00%,*,86.00% or more,*,86.00% or more,*,3.1% or less,*,32% or more,*,56% or more,*,74% or more
1965,Coos Bay SD 9,509,69.16%,75.00% or more,11.98%,10.60% or less,0.00%,1.80% or less,*,95.00%,*,95.00%,*,95.00%,*,41.00%,*,41.00%,*,41.00%,*,95.00%,*,95.00%,*,95.00%,*,39.00%,*,39.00%,*,39.00%,96.30%,100.00%,81.58%,81.23%,55.56%,100.00%,No ,62.00% or less,No ,0.00%,No ,0.00%,No ,0.00%,60.00,86.00% or more,60.00%,86.00% or more,3.18%,3.1% or less,*,32% or more,*,56% or more,*,74% or more
1964,Coquille SD 8,188,76.60%,75.00% or more,13.30%,10.60% or less,0.00%,1.80% or less,*,95.00%,*,95.00%,*,95.00%,*,41.00%,*,41.00%,*,41.00%,*,95.00%,*,95.00%,*,95.00%,*,39.00%,*,39.00%,*,39.00%,93.33%,100.00%,71.43%,81.23%,83.33%,100.00%,No ,62.00% or less,No ,0.00%,No ,0.00%,No ,0.00%,56.00,86.00% or more,47.37%,86.00% or more,7.41%,3.1% or less,*,32% or more,*,56% or more,*,74% or more
2186,Corbett SD 39,169,88.17%,75.00% or more,1.18%,10.60% or less,1.78%,1.80% or less,*,95.00%,*,95.00%,*,95.00%,*,41.00%,*,41.00%,*,41.00%,*,95.00%,*,95.00%,*,95.00%,*,39.00%,*,39.00%,*,39.00%,85.19%,100.00%,80.00%,81.23%,100.00%,100.00%,No ,62.00% or less,No ,0.00%,No ,0.00%,No ,0.00%,92.31,86.00% or more,>95%,86.00% or more,0.00%,3.1% or less,*,32% or more,*,56% or more,*,74% or more
1901,Corvallis SD 509J,694,75.22%,75.00% or more,9.80%,10.60% or less,0.29%,1.80% or less,*,95.00%,*,95.00%,*,95.00%,*,41.00%,*,41.00%,*,41.00%,*,95.00%,*,95.00%,*,95.00%,*,39.00%,*,39.00%,*,39.00%,100.00%,100.00%,80.18%,81.23%,91.67%,100.00%,No ,62.00% or less,No ,0.00%,No ,0.00%,No ,0.00%,67.74,86.00% or more,76.54%,86.00% or more,3.32%,3.1% or less,*,32% or more,*,56% or more,*,74% or more
2216,Cove SD 15,39,92.31%,75.00% or more,0.00%,10.60% or less,0.00%,1.80% or less,*,95.00%,*,95.00%,*,95.00%,*,41.00%,*,41.00%,*,41.00%,*,95.00%,*,95.00%,*,95.00%,*,39.00%,*,39.00%,*,39.00%,*,100.00%,*,81.23%,*,100.00%,No ,62.00% or less,No ,0.00%,No ,0.00%,No ,0.00%,*,86.00% or more,*,86.00% or more,4.76%,3.1% or less,*,32% or more,*,56% or more,*,74% or more
2086,Creswell SD 40,227,73.57%,75.00% or more,7.05%,10.60% or less,6.17%,1.80% or less,*,95.00%,*,95.00%,*,95.00%,*,41.00%,*,41.00%,*,41.00%,*,95.00%,*,95.00%,*,95.00%,*,39.00%,*,39.00%,*,39.00%,94.12%,100.00%,80.00%,81.23%,100.00%,100.00%,No ,62.00% or less,No ,0.00%,No ,0.00%,No ,0.00%,66.67,86.00% or more,78.95%,86.00% or more,2.47%,3.1% or less,*,32% or more,*,56% or more,*,74% or more
1970,Crook County SD,419,72.08%,75.00% or more,10.98%,10.60% or less,0.00%,1.80% or less,*,95.00%,*,95.00%,*,95.00%,*,41.00%,*,41.00%,*,41.00%,*,95.00%,*,95.00%,*,95.00%,*,39.00%,*,39.00%,*,39.00%,100.00%,100.00%,93.75%,81.23%,100.00%,100.00%,No ,62.00% or less,No ,0.00%,No ,0.00%,No ,0.00%,64.00,86.00% or more,65.79%,86.00% or more,4.90%,3.1% or less,*,32% or more,*,56% or more,*,74% or more
2089,Crow-Applegate-Lorane SD 66,35,97.14%,75.00% or more,0.00%,10.60% or less,0.00%,1.80% or less,*,95.00%,*,95.00%,*,95.00%,*,41.00%,*,41.00%,*,41.00%,*,95.00%,*,95.00%,*,95.00%,*,39.00%,*,39.00%,*,39.00%,*,100.00%,*,81.23%,100.00%,100.00%,No ,62.00% or less,No ,0.00%,No ,0.00%,No ,0.00%,*,86.00% or more,*,86.00% or more,0.00%,3.1% or less,*,32% or more,*,56% or more,*,74% or more
2050,Culver SD 4,103,78.64%,75.00% or more,8.74%,10.60% or less,0.00%,1.80% or less,*,95.00%,*,95.00%,*,95.00%,*,41.00%,*,41.00%,*,41.00%,*,95.00%,*,95.00%,*,95.00%,*,39.00%,*,39.00%,*,39.00%,*,100.00%,83.33%,81.23%,100.00%,100.00%,No ,62.00% or less,No ,0.00%,No ,0.00%,No ,0.00%,*,86.00% or more,*,86.00% or more,0.00%,3.1% or less,*,32% or more,*,56% or more,*,74% or more
2190,Dallas SD 2,528,61.93%,75.00% or more,9.28%,10.60% or less,0.95%,1.80% or less,*,95.00%,*,95.00%,*,95.00%,*,41.00%,*,41.00%,*,41.00%,*,95.00%,*,95.00%,*,95.00%,*,39.00%,*,39.00%,*,39.00%,97.44%,100.00%,77.55%,81.23%,100.00%,100.00%,No ,62.00% or less,No ,0.00%,No ,0.00%,No ,0.00%,81.25,86.00% or more,65.96%,86.00% or more,4.91%,3.1% or less,*,32% or more,*,56% or more,*,74% or more
2187,David Douglas SD 40,1197,76.69%,75.00% or more,7.94%,10.60% or less,3.59%,1.80% or less,*,95.00%,*,95.00%,*,95.00%,*,41.00%,*,41.00%,*,41.00%,*,95.00%,*,95.00%,*,95.00%,*,39.00%,*,39.00%,*,39.00%,98.84%,100.00%,85.51%,81.23%,100.00%,100.00%,No ,62.00% or less,No ,0.00%,No ,0.00%,No ,0.00%,63.04,86.00% or more,62.38%,86.00% or more,3.77%,3.1% or less,*,32% or more,*,56% or more,*,74% or more
2253,Dayton SD 8,126,80.16%,75.00% or more,10.32%,10.60% or less,0.79%,1.80% or less,*,95.00%,*,95.00%,*,95.00%,*,41.00%,*,41.00%,*,41.00%,*,95.00%,*,95.00%,*,95.00%,*,39.00%,*,39.00%,*,39.00%,100.00%,100.00%,*,81.23%,100.00%,100.00%,No ,62.00% or less,No ,0.00%,No ,0.00%,No ,0.00%,81.82,86.00% or more,>95%,86.00% or more,4.17%,3.1% or less,*,32% or more,*,56% or more,*,74% or more
2011,Dayville SD 16J,9,100.00%,75.00% or more,0.00%,10.60% or less,0.00%,1.80% or less,*,95.00%,*,95.00%,*,95.00%,*,41.00%,*,41.00%,*,41.00%,*,95.00%,*,95.00%,*,95.00%,*,39.00%,*,39.00%,*,39.00%,*,100.00%,*,81.23%,*,100.00%,No ,62.00% or less,No ,0.00%,No ,0.00%,No ,0.00%,*,86.00% or more,*,86.00% or more,*,3.1% or less,*,32% or more,*,56% or more,*,74% or more
2017,Diamond SD 7,*,*,75.00% or more,*,10.60% or less,*,1.80% or less,*,95.00%,*,95.00%,*,95.00%,*,41.00%,*,41.00%,*,41.00%,*,95.00%,*,95.00%,*,95.00%,*,39.00%,*,39.00%,*,39.00%,*,100.00%,*,81.23%,*,100.00%,No ,62.00% or less,No ,0.00%,No ,0.00%,No ,0.00%,*,86.00% or more,*,86.00% or more,*,3.1% or less,*,32% or more,*,56% or more,*,74% or more
2021,Double O SD 28,*,*,75.00% or more,*,10.60% or less,*,1.80% or less,*,95.00%,*,95.00%,*,95.00%,*,41.00%,*,41.00%,*,41.00%,*,95.00%,*,95.00%,*,95.00%,*,39.00%,*,39.00%,*,39.00%,*,100.00%,*,81.23%,*,100.00%,No ,62.00% or less,No ,0.00%,No ,0.00%,No ,0.00%,*,86.00% or more,*,86.00% or more,*,3.1% or less,*,32% or more,*,56% or more,*,74% or more
1993,Douglas County SD 15,33,96.97%,75.00% or more,0.00%,10.60% or less,0.00%,1.80% or less,*,95.00%,*,95.00%,*,95.00%,*,41.00%,*,41.00%,*,41.00%,*,95.00%,*,95.00%,*,95.00%,*,39.00%,*,39.00%,*,39.00%,*,100.00%,*,81.23%,*,100.00%,No ,62.00% or less,No ,0.00%,No ,0.00%,No ,0.00%,*,86.00% or more,*,86.00% or more,0.00%,3.1% or less,*,32% or more,*,56% or more,*,74% or more
1991,Douglas County SD 4,733,63.98%,75.00% or more,17.33%,10.60% or less,0.14%,1.80% or less,*,95.00%,*,95.00%,*,95.00%,*,41.00%,*,41.00%,*,41.00%,*,95.00%,*,95.00%,*,95.00%,*,39.00%,*,39.00%,*,39.00%,97.30%,100.00%,80.00%,81.23%,50.00%,100.00%,No ,62.00% or less,No ,0.00%,No ,0.00%,No ,0.00%,28.79,86.00% or more,43.04%,86.00% or more,10.65%,3.1% or less,*,32% or more,*,56% or more,*,74% or more
2019,Drewsey SD 13,*,*,75.00% or more,*,10.60% or less,*,1.80% or less,*,95.00%,*,95.00%,*,95.00%,*,41.00%,*,41.00%,*,41.00%,*,95.00%,*,95.00%,*,95.00%,*,39.00%,*,39.00%,*,39.00%,*,100.00%,*,81.23%,*,100.00%,No ,62.00% or less,No ,0.00%,No ,0.00%,No ,0.00%,*,86.00% or more,*,86.00% or more,*,3.1% or less,*,32% or more,*,56% or more,*,74% or more
2229,Dufur SD 29,49,87.76%,75.00% or more,8.16%,10.60% or less,0.00%,1.80% or less,*,95.00%,*,95.00%,*,95.00%,*,41.00%,*,41.00%,*,41.00%,*,95.00%,*,95.00%,*,95.00%,*,39.00%,*,39.00%,*,39.00%,100.00%,100.00%,*,81.23%,*,100.00%,No ,62.00% or less,No ,0.00%,No ,0.00%,No ,0.00%,*,86.00% or more,*,86.00% or more,0.00%,3.1% or less,*,32% or more,*,56% or more,*,74% or more
2043,Eagle Point SD 9,569,76.98%,75.00% or more,11.42%,10.60% or less,0.70%,1.80% or less,*,95.00%,*,95.00%,*,95.00%,*,41.00%,*,41.00%,*,41.00%,*,95.00%,*,95.00%,*,95.00%,*,39.00%,*,39.00%,*,39.00%,97.87%,100.00%,75.00%,81.23%,50.00%,100.00%,Yes,62.00% or less,No ,0.00%,No ,0.00%,No ,0.00%,52.94,86.00% or more,51.28%,86.00% or more,0.60%,3.1% or less,*,32% or more,*,56% or more,*,74% or more
2203,Echo SD 5,43,100.00%,75.00% or more,0.00%,10.60% or less,0.00%,1.80% or less,*,95.00%,*,95.00%,*,95.00%,*,41.00%,*,41.00%,*,41.00%,*,95.00%,*,95.00%,*,95.00%,*,39.00%,*,39.00%,*,39.00%,*,100.00%,*,81.23%,100.00%,100.00%,No ,62.00% or less,No ,0.00%,No ,0.00%,No ,0.00%,*,86.00% or more,*,86.00% or more,0.00%,3.1% or less,*,32% or more,*,56% or more,*,74% or more
2217,Elgin SD 23,57,84.21%,75.00% or more,5.26%,10.60% or less,0.00%,1.80% or less,*,95.00%,*,95.00%,*,95.00%,*,41.00%,*,41.00%,*,41.00%,*,95.00%,*,95.00%,*,95.00%,*,39.00%,*,39.00%,*,39.00%,*,100.00%,*,81.23%,*,100.00%,No ,62.00% or less,No ,0.00%,No ,0.00%,No ,0.00%,*,86.00% or more,*,86.00% or more,0.00%,3.1% or less,*,32% or more,*,56% or more,*,74% or more
1998,Elkton SD 34,22,81.82%,75.00% or more,4.55%,10.60% or less,0.00%,1.80% or less,*,95.00%,*,95.00%,*,95.00%,*,41.00%,*,41.00%,*,41.00%,*,95.00%,*,95.00%,*,95.00%,*,39.00%,*,39.00%,*,39.00%,*,100.00%,*,81.23%,16.67%,100.00%,No ,62.00% or less,No ,0.00%,No ,0.00%,No ,0.00%,*,86.00% or more,*,86.00% or more,0.00%,3.1% or less,*,32% or more,*,56% or more,*,74% or more
2221,Enterprise SD 21,68,85.29%,75.00% or more,10.29%,10.60% or less,0.00%,1.80% or less,*,95.00%,*,95.00%,*,95.00%,*,41.00%,*,41.00%,*,41.00%,*,95.00%,*,95.00%,*,95.00%,*,39.00%,*,39.00%,*,39.00%,*,100.00%,87.50%,81.23%,*,100.00%,No ,62.00% or less,No ,0.00%,No ,0.00%,No ,0.00%,*,86.00% or more,*,86.00% or more,0.00%,3.1% or less,*,32% or more,*,56% or more,*,74% or more
1930,Estacada SD 108,322,81.68%,75.00% or more,4.97%,10.60% or less,0.62%,1.80% or less,*,95.00%,*,95.00%,*,95.00%,*,41.00%,*,41.00%,*,41.00%,*,95.00%,*,95.00%,*,95.00%,*,39.00%,*,39.00%,*,39.00%,100.00%,100.00%,87.50%,81.23%,100.00%,100.00%,No ,62.00% or less,No ,0.00%,No ,0.00%,No ,0.00%,44.23,86.00% or more,31.91%,86.00% or more,8.61%,3.1% or less,*,32% or more,*,56% or more,*,74% or more
2082,Eugene SD 4J,2290,66.46%,75.00% or more,7.16%,10.60% or less,3.76%,1.80% or less,*,95.00%,*,95.00%,*,95.00%,*,41.00%,*,41.00%,*,41.00%,*,95.00%,*,95.00%,*,95.00%,*,39.00%,*,39.00%,*,39.00%,100.00%,100.00%,76.72%,81.23%,64.29%,100.00%,Yes,62.00% or less,No ,0.00%,No ,0.00%,No ,0.00%,53.55,86.00% or more,52.75%,86.00% or more,6.91%,3.1% or less,*,32% or more,*,56% or more,*,74% or more
2193,Falls City SD 57,33,93.94%,75.00% or more,0.00%,10.60% or less,3.03%,1.80% or less,*,95.00%,*,95.00%,*,95.00%,*,41.00%,*,41.00%,*,41.00%,*,95.00%,*,95.00%,*,95.00%,*,39.00%,*,39.00%,*,39.00%,100.00%,100.00%,*,81.23%,100.00%,100.00%,No ,62.00% or less,No ,0.00%,No ,0.00%,No ,0.00%,*,86.00% or more,*,86.00% or more,10.00%,3.1% or less,*,32% or more,*,56% or more,*,74% or more
2084,Fern Ridge SD 28J,256,64.84%,75.00% or more,15.23%,10.60% or less,3.13%,1.80% or less,*,95.00%,*,95.00%,*,95.00%,*,41.00%,*,41.00%,*,41.00%,*,95.00%,*,95.00%,*,95.00%,*,39.00%,*,39.00%,*,39.00%,100.00%,100.00%,83.33%,81.23%,100.00%,100.00%,No ,62.00% or less,No ,0.00%,No ,0.00%,No ,0.00%,35.00,86.00% or more,57.14%,86.00% or more,6.33%,3.1% or less,*,32% or more,*,56% or more,*,74% or more
2241,Forest Grove SD 15,927,76.16%,75.00% or more,5.39%,10.60% or less,2.48%,1.80% or less,*,95.00%,*,95.00%,*,95.00%,*,41.00%,*,41.00%,*,41.00%,*,95.00%,*,95.00%,*,95.00%,*,39.00%,*,39.00%,*,39.00%,93.44%,100.00%,80.30%,81.23%,55.56%,100.00%,Yes,62.00% or less,No ,0.00%,No ,0.00%,No ,0.00%,57.81,86.00% or more,59.70%,86.00% or more,6.05%,3.1% or less,*,32% or more,*,56% or more,*,74% or more
2248,Fossil SD 21J,63,98.41%,75.00% or more,0.00%,10.60% or less,0.00%,1.80% or less,*,95.00%,*,95.00%,*,95.00%,*,41.00%,*,41.00%,*,41.00%,*,95.00%,*,95.00%,*,95.00%,*,39.00%,*,39.00%,*,39.00%,100.00%,100.00%,87.50%,81.23%,*,100.00%,No ,62.00% or less,No ,0.00%,No ,0.00%,No ,0.00%,*,86.00% or more,*,86.00% or more,*,3.1% or less,*,32% or more,*,56% or more,*,74% or more
2020,Frenchglen SD 16,*,*,75.00% or more,*,10.60% or less,*,1.80% or less,*,95.00%,*,95.00%,*,95.00%,*,41.00%,*,41.00%,*,41.00%,*,95.00%,*,95.00%,*,95.00%,*,39.00%,*,39.00%,*,39.00%,*,100.00%,*,81.23%,*,100.00%,No ,62.00% or less,No ,0.00%,No ,0.00%,No ,0.00%,*,86.00% or more,*,86.00% or more,0.00%,3.1% or less,*,32% or more,*,56% or more,*,74% or more
2245,Gaston SD 511J,80,95.00%,75.00% or more,3.75%,10.60% or less,0.00%,1.80% or less,*,95.00%,*,95.00%,*,95.00%,*,41.00%,*,41.00%,*,41.00%,*,95.00%,*,95.00%,*,95.00%,*,39.00%,*,39.00%,*,39.00%,*,100.00%,87.50%,81.23%,100.00%,100.00%,No ,62.00% or less,No ,0.00%,No ,0.00%,No ,0.00%,*,86.00% or more,*,86.00% or more,6.06%,3.1% or less,*,32% or more,*,56% or more,*,74% or more
2137,Gervais SD 1,187,81.28%,75.00% or more,9.63%,10.60% or less,1.60%,1.80% or less,*,95.00%,*,95.00%,*,95.00%,*,41.00%,*,41.00%,*,41.00%,*,95.00%,*,95.00%,*,95.00%,*,39.00%,*,39.00%,*,39.00%,100.00%,100.00%,*,81.23%,85.71%,100.00%,No ,62.00% or less,No ,0.00%,No ,0.00%,No ,0.00%,69.23,86.00% or more,56.25%,86.00% or more,1.56%,3.1% or less,*,32% or more,*,56% or more,*,74% or more
1931,Gladstone SD 115,273,71.79%,75.00% or more,5.13%,10.60% or less,5.86%,1.80% or less,*,95.00%,*,95.00%,*,95.00%,*,41.00%,*,41.00%,*,41.00%,*,95.00%,*,95.00%,*,95.00%,*,39.00%,*,39.00%,*,39.00%,100.00%,100.00%,91.67%,81.23%,100.00%,100.00%,No ,62.00% or less,No ,0.00%,No ,0.00%,No ,0.00%,77.78,86.00% or more,83.33%,86.00% or more,3.37%,3.1% or less,*,32% or more,*,56% or more,*,74% or more
2000,Glendale SD 77,56,60.71%,75.00% or more,5.36%,10.60% or less,1.79%,1.80% or less,*,95.00%,*,95.00%,*,95.00%,*,41.00%,*,41.00%,*,41.00%,*,95.00%,*,95.00%,*,95.00%,*,39.00%,*,39.00%,*,39.00%,*,100.00%,*,81.23%,*,100.00%,No ,62.00% or less,No ,0.00%,No ,0.00%,No ,0.00%,70.00,86.00% or more,*,86.00% or more,5.00%,3.1% or less,*,32% or more,*,56% or more,*,74% or more
1992,Glide SD 12,106,66.98%,75.00% or more,5.66%,10.60% or less,0.00%,1.80% or less,*,95.00%,*,95.00%,*,95.00%,*,41.00%,*,41.00%,*,41.00%,*,95.00%,*,95.00%,*,95.00%,*,39.00%,*,39.00%,*,39.00%,100.00%,100.00%,77.78%,81.23%,100.00%,100.00%,No ,62.00% or less,No ,0.00%,No ,0.00%,No ,0.00%,*,86.00% or more,*,86.00% or more,0.00%,3.1% or less,*,32% or more,*,56% or more,*,74% or more
2054,Grants Pass SD 7,791,64.22%,75.00% or more,12.52%,10.60% or less,1.52%,1.80% or less,*,95.00%,*,95.00%,*,95.00%,*,41.00%,*,41.00%,*,41.00%,*,95.00%,*,95.00%,*,95.00%,*,39.00%,*,39.00%,*,39.00%,100.00%,100.00%,75.00%,81.23%,100.00%,100.00%,No ,62.00% or less,No ,0.00%,No ,0.00%,No ,0.00%,68.52,86.00% or more,65.85%,86.00% or more,3.01%,3.1% or less,*,32% or more,*,56% or more,*,74% or more
2100,Greater Albany Public SD 8J,1315,75.67%,75.00% or more,9.35%,10.60% or less,0.61%,1.80% or less,*,95.00%,*,95.00%,*,95.00%,*,41.00%,*,41.00%,*,41.00%,*,95.00%,*,95.00%,*,95.00%,*,39.00%,*,39.00%,*,39.00%,100.00%,100.00%,81.61%,81.23%,100.00%,100.00%,Yes,62.00% or less,No ,0.00%,No ,0.00%,No ,0.00%,78.48,86.00% or more,64.29%,86.00% or more,0.96%,3.1% or less,*,32% or more,*,56% or more,*,74% or more
2183,Gresham-Barlow SD 10J,1476,68.09%,75.00% or more,9.01%,10.60% or less,2.30%,1.80% or less,*,95.00%,*,95.00%,*,95.00%,*,41.00%,*,41.00%,*,41.00%,*,95.00%,*,95.00%,*,95.00%,*,39.00%,*,39.00%,*,39.00%,100.00%,100.00%,86.08%,81.23%,50.00%,100.00%,Yes,62.00% or less,No ,0.00%,No ,0.00%,No ,0.00%,47.46,86.00% or more,61.29%,86.00% or more,5.82%,3.1% or less,*,32% or more,*,56% or more,*,74% or more
2014,Harney County SD 3,108,78.70%,75.00% or more,6.48%,10.60% or less,4.63%,1.80% or less,*,95.00%,*,95.00%,*,95.00%,*,41.00%,*,41.00%,*,41.00%,*,95.00%,*,95.00%,*,95.00%,*,39.00%,*,39.00%,*,39.00%,100.00%,100.00%,92.31%,81.23%,12.50%,100.00%,No ,62.00% or less,No ,0.00%,No ,0.00%,No ,0.00%,*,86.00% or more,53.85%,86.00% or more,0.00%,3.1% or less,*,32% or more,*,56% or more,*,74% or more
2015,Harney County SD 4,54,100.00%,75.00% or more,0.00%,10.60% or less,0.00%,1.80% or less,*,95.00%,*,95.00%,*,95.00%,*,41.00%,*,41.00%,*,41.00%,*,95.00%,*,95.00%,*,95.00%,*,39.00%,*,39.00%,*,39.00%,100.00%,100.00%,*,81.23%,*,100.00%,No ,62.00% or less,No ,0.00%,No ,0.00%,No ,0.00%,*,86.00% or more,*,86.00% or more,0.00%,3.1% or less,*,32% or more,*,56% or more,*,74% or more
2023,Harney County Union High SD 1J,39,100.00%,75.00% or more,0.00%,10.60% or less,0.00%,1.80% or less,*,95.00%,*,95.00%,*,95.00%,*,41.00%,*,41.00%,*,41.00%,*,95.00%,*,95.00%,*,95.00%,*,39.00%,*,39.00%,*,39.00%,*,100.00%,*,81.23%,*,100.00%,No ,62.00% or less,No ,0.00%,No ,0.00%,No ,0.00%,*,86.00% or more,*,86.00% or more,0.00%,3.1% or less,*,32% or more,*,56% or more,*,74% or more
2114,Harper SD 66,18,100.00%,75.00% or more,0.00%,10.60% or less,0.00%,1.80% or less,*,95.00%,*,95.00%,*,95.00%,*,41.00%,*,41.00%,*,41.00%,*,95.00%,*,95.00%,*,95.00%,*,39.00%,*,39.00%,*,39.00%,*,100.00%,*,81.23%,*,100.00%,No ,62.00% or less,No ,0.00%,No ,0.00%,No ,0.00%,*,86.00% or more,*,86.00% or more,*,3.1% or less,*,32% or more,*,56% or more,*,74% or more
2099,Harrisburg SD 7J,132,73.48%,75.00% or more,13.64%,10.60% or less,0.00%,1.80% or less,*,95.00%,*,95.00%,*,95.00%,*,41.00%,*,41.00%,*,41.00%,*,95.00%,*,95.00%,*,95.00%,*,39.00%,*,39.00%,*,39.00%,100.00%,100.00%,81.82%,81.23%,100.00%,100.00%,No ,62.00% or less,No ,0.00%,No ,0.00%,No ,0.00%,75.00,86.00% or more,83.33%,86.00% or more,2.17%,3.1% or less,*,32% or more,*,56% or more,*,74% or more
2201,Helix SD 1,21,95.24%,75.00% or more,0.00%,10.60% or less,0.00%,1.80% or less,*,95.00%,*,95.00%,*,95.00%,*,41.00%,*,41.00%,*,41.00%,*,95.00%,*,95.00%,*,95.00%,*,39.00%,*,39.00%,*,39.00%,*,100.00%,*,81.23%,*,100.00%,No ,62.00% or less,No ,0.00%,No ,0.00%,No ,0.00%,*,86.00% or more,*,86.00% or more,0.00%,3.1% or less,*,32% or more,*,56% or more,*,74% or more
2206,Hermiston SD 8,719,74.41%,75.00% or more,13.07%,10.60% or less,0.00%,1.80% or less,*,95.00%,*,95.00%,*,95.00%,*,41.00%,*,41.00%,*,41.00%,*,95.00%,*,95.00%,*,95.00%,*,39.00%,*,39.00%,*,39.00%,100.00%,100.00%,89.47%,81.23%,100.00%,100.00%,Yes,62.00% or less,No ,0.00%,No ,0.00%,No ,0.00%,53.13,86.00% or more,47.46%,86.00% or more,3.86%,3.1% or less,*,32% or more,*,56% or more,*,74% or more
2239,Hillsboro SD 1J,3200,79.78%,75.00% or more,6.38%,10.60% or less,1.53%,1.80% or less,*,95.00%,*,95.00%,*,95.00%,*,41.00%,*,41.00%,*,41.00%,*,95.00%,*,95.00%,*,95.00%,*,39.00%,*,39.00%,*,39.00%,99.61%,100.00%,81.10%,81.23%,100.00%,100.00%,No ,62.00% or less,No ,0.00%,No ,0.00%,No ,0.00%,71.59,86.00% or more,73.91%,86.00% or more,3.15%,3.1% or less,*,32% or more,*,56% or more,*,74% or more
2024,Hood River County SD,496,74.40%,75.00% or more,5.44%,10.60% or less,0.40%,1.80% or less,*,95.00%,*,95.00%,*,95.00%,*,41.00%,*,41.00%,*,41.00%,*,95.00%,*,95.00%,*,95.00%,*,39.00%,*,39.00%,*,39.00%,100.00%,100.00%,91.07%,81.23%,85.71%,100.00%,No ,62.00% or less,No ,0.00%,No ,0.00%,No ,0.00%,69.49,86.00% or more,77.08%,86.00% or more,5.23%,3.1% or less,*,32% or more,*,56% or more,*,74% or more
1895,Huntington SD 16J,*,*,75.00% or more,*,10.60% or less,*,1.80% or less,*,95.00%,*,95.00%,*,95.00%,*,41.00%,*,41.00%,*,41.00%,*,95.00%,*,95.00%,*,95.00%,*,39.00%,*,39.00%,*,39.00%,*,100.00%,*,81.23%,*,100.00%,No ,62.00% or less,No ,0.00%,No ,0.00%,No ,0.00%,*,86.00% or more,*,86.00% or more,*,3.1% or less,*,32% or more,*,56% or more,*,74% or more
2215,Imbler SD 11,42,83.33%,75.00% or more,2.38%,10.60% or less,0.00%,1.80% or less,*,95.00%,*,95.00%,*,95.00%,*,41.00%,*,41.00%,*,41.00%,*,95.00%,*,95.00%,*,95.00%,*,39.00%,*,39.00%,*,39.00%,*,100.00%,*,81.23%,83.33%,100.00%,No ,62.00% or less,No ,0.00%,No ,0.00%,No ,0.00%,*,86.00% or more,*,86.00% or more,0.00%,3.1% or less,*,32% or more,*,56% or more,*,74% or more
3997,Ione SD R2,27,77.78%,75.00% or more,11.11%,10.60% or less,0.00%,1.80% or less,*,95.00%,*,95.00%,*,95.00%,*,41.00%,*,41.00%,*,41.00%,*,95.00%,*,95.00%,*,95.00%,*,39.00%,*,39.00%,*,39.00%,100.00%,100.00%,*,81.23%,*,100.00%,No ,62.00% or less,No ,0.00%,No ,0.00%,No ,0.00%,*,86.00% or more,*,86.00% or more,0.00%,3.1% or less,*,32% or more,*,56% or more,*,74% or more
2053,Jefferson County SD 509J,511,79.06%,75.00% or more,6.46%,10.60% or less,0.39%,1.80% or less,*,95.00%,*,95.00%,*,95.00%,*,41.00%,*,41.00%,*,41.00%,*,95.00%,*,95.00%,*,95.00%,*,39.00%,*,39.00%,*,39.00%,100.00%,100.00%,78.57%,81.23%,100.00%,100.00%,No ,62.00% or less,No ,0.00%,No ,0.00%,No ,0.00%,50.00,86.00% or more,83.72%,86.00% or more,10.29%,3.1% or less,*,32% or more,*,56% or more,*,74% or more
2140,Jefferson SD 14J,145,85.52%,75.00% or more,6.90%,10.60% or less,0.69%,1.80% or less,*,95.00%,*,95.00%,*,95.00%,*,41.00%,*,41.00%,*,41.00%,*,95.00%,*,95.00%,*,95.00%,*,39.00%,*,39.00%,*,39.00%,100.00%,100.00%,*,81.23%,66.67%,100.00%,No ,62.00% or less,No ,0.00%,No ,0.00%,No ,0.00%,90.91,86.00% or more,>95%,86.00% or more,2.08%,3.1% or less,*,32% or more,*,56% or more,*,74% or more
1934,Jewell SD 8,31,90.32%,75.00% or more,0.00%,10.60% or less,0.00%,1.80% or less,*,95.00%,*,95.00%,*,95.00%,*,41.00%,*,41.00%,*,41.00%,*,95.00%,*,95.00%,*,95.00%,*,39.00%,*,39.00%,*,39.00%,*,100.00%,*,81.23%,*,100.00%,No ,62.00% or less,No ,0.00%,No ,0.00%,No ,0.00%,*,86.00% or more,*,86.00% or more,0.00%,3.1% or less,*,32% or more,*,56% or more,*,74% or more
2008,John Day SD 3,85,67.06%,75.00% or more,8.24%,10.60% or less,1.18%,1.80% or less,*,95.00%,*,95.00%,*,95.00%,*,41.00%,*,41.00%,*,41.00%,*,95.00%,*,95.00%,*,95.00%,*,39.00%,*,39.00%,*,39.00%,100.00%,100.00%,*,81.23%,100.00%,100.00%,No ,62.00% or less,No ,0.00%,No ,0.00%,No ,0.00%,*,86.00% or more,*,86.00% or more,4.17%,3.1% or less,*,32% or more,*,56% or more,*,74% or more
2107,Jordan Valley SD 3,*,*,75.00% or more,*,10.60% or less,*,1.80% or less,*,95.00%,*,95.00%,*,95.00%,*,41.00%,*,41.00%,*,41.00%,*,95.00%,*,95.00%,*,95.00%,*,39.00%,*,39.00%,*,39.00%,*,100.00%,*,81.23%,*,100.00%,No ,62.00% or less,No ,0.00%,No ,0.00%,No ,0.00%,*,86.00% or more,*,86.00% or more,*,3.1% or less,*,32% or more,*,56% or more,*,74% or more
2219,Joseph SD 6,31,93.55%,75.00% or more,3.23%,10.60% or less,0.00%,1.80% or less,*,95.00%,*,95.00%,*,95.00%,*,41.00%,*,41.00%,*,41.00%,*,95.00%,*,95.00%,*,95.00%,*,39.00%,*,39.00%,*,39.00%,*,100.00%,*,81.23%,*,100.00%,No ,62.00% or less,No ,0.00%,No ,0.00%,No ,0.00%,*,86.00% or more,*,86.00% or more,*,3.1% or less,*,32% or more,*,56% or more,*,74% or more
2091,Junction City SD 69,251,52.99%,75.00% or more,9.96%,10.60% or less,1.59%,1.80% or less,*,95.00%,*,95.00%,*,95.00%,*,41.00%,*,41.00%,*,41.00%,*,95.00%,*,95.00%,*,95.00%,*,39.00%,*,39.00%,*,39.00%,100.00%,100.00%,88.24%,81.23%,83.33%,100.00%,No ,62.00% or less,No ,0.00%,No ,0.00%,No ,0.00%,72.00,86.00% or more,71.43%,86.00% or more,4.65%,3.1% or less,*,32% or more,*,56% or more,*,74% or more
2109,Juntura SD 12,*,*,75.00% or more,*,10.60% or less,*,1.80% or less,*,95.00%,*,95.00%,*,95.00%,*,41.00%,*,41.00%,*,41.00%,*,95.00%,*,95.00%,*,95.00%,*,39.00%,*,39.00%,*,39.00%,*,100.00%,*,81.23%,*,100.00%,No ,62.00% or less,No ,0.00%,No ,0.00%,No ,0.00%,*,86.00% or more,*,86.00% or more,*,3.1% or less,*,32% or more,*,56% or more,*,74% or more
2057,Klamath County SD,960,54.37%,75.00% or more,8.13%,10.60% or less,0.21%,1.80% or less,*,95.00%,*,95.00%,*,95.00%,*,41.00%,*,41.00%,*,41.00%,*,95.00%,*,95.00%,*,95.00%,*,39.00%,*,39.00%,*,39.00%,97.75%,100.00%,81.43%,81.23%,100.00%,100.00%,Yes,62.00% or less,No ,0.00%,No ,0.00%,No ,0.00%,67.14,86.00% or more,64.62%,86.00% or more,4.38%,3.1% or less,*,32% or more,*,56% or more,*,74% or more
2056,Klamath Falls City Schools,451,79.60%,75.00% or more,9.53%,10.60% or less,2.00%,1.80% or less,*,95.00%,*,95.00%,*,95.00%,*,41.00%,*,41.00%,*,41.00%,*,95.00%,*,95.00%,*,95.00%,*,39.00%,*,39.00%,*,39.00%,94.00%,100.00%,75.00%,81.23%,100.00%,100.00%,No ,62.00% or less,No ,0.00%,No ,0.00%,No ,0.00%,53.85,86.00% or more,45.61%,86.00% or more,6.41%,3.1% or less,*,32% or more,*,56% or more,*,74% or more
2262,Knappa SD 4,97,77.32%,75.00% or more,7.22%,10.60% or less,0.00%,1.80% or less,*,95.00%,*,95.00%,*,95.00%,*,41.00%,*,41.00%,*,41.00%,*,95.00%,*,95.00%,*,95.00%,*,39.00%,*,39.00%,*,39.00%,100.00%,100.00%,*,81.23%,50.00%,100.00%,No ,62.00% or less,No ,0.00%,No ,0.00%,No ,0.00%,*,86.00% or more,*,86.00% or more,0.00%,3.1% or less,*,32% or more,*,56% or more,*,74% or more
2212,La Grande SD 1,380,67.89%,75.00% or more,10.00%,10.60% or less,0.00%,1.80% or less,*,95.00%,*,95.00%,*,95.00%,*,41.00%,*,41.00%,*,41.00%,*,95.00%,*,95.00%,*,95.00%,*,39.00%,*,39.00%,*,39.00%,100.00%,100.00%,77.14%,81.23%,100.00%,100.00%,Yes,62.00% or less,No ,0.00%,No ,0.00%,No ,0.00%,48.15,86.00% or more,88.89%,86.00% or more,8.25%,3.1% or less,*,32% or more,*,56% or more,*,74% or more
2059,Lake County SD 7,92,70.65%,75.00% or more,7.61%,10.60% or less,0.00%,1.80% or less,*,95.00%,*,95.00%,*,95.00%,*,41.00%,*,41.00%,*,41.00%,*,95.00%,*,95.00%,*,95.00%,*,39.00%,*,39.00%,*,39.00%,100.00%,100.00%,75.00%,81.23%,83.33%,100.00%,No ,62.00% or less,No ,0.00%,No ,0.00%,No ,0.00%,90.00,86.00% or more,*,86.00% or more,0.00%,3.1% or less,*,32% or more,*,56% or more,*,74% or more
1923,Lake Oswego SD 7J,690,78.70%,75.00% or more,1.01%,10.60% or less,2.75%,1.80% or less,*,95.00%,*,95.00%,*,95.00%,*,41.00%,*,41.00%,*,41.00%,*,95.00%,*,95.00%,*,95.00%,*,39.00%,*,39.00%,*,39.00%,98.29%,100.00%,82.00%,81.23%,100.00%,100.00%,No ,62.00% or less,No ,0.00%,No ,0.00%,No ,0.00%,86.21,86.00% or more,85.94%,86.00% or more,0.84%,3.1% or less,*,32% or more,*,56% or more,*,74% or more
2101,Lebanon Community SD 9,700,82.29%,75.00% or more,8.57%,10.60% or less,0.43%,1.80% or less,*,95.00%,*,95.00%,*,95.00%,*,41.00%,*,41.00%,*,41.00%,*,95.00%,*,95.00%,*,95.00%,*,39.00%,*,39.00%,*,39.00%,100.00%,100.00%,74.58%,81.23%,87.50%,100.00%,No ,62.00% or less,No ,0.00%,No ,0.00%,No ,0.00%,72.88,86.00% or more,62.96%,86.00% or more,6.39%,3.1% or less,*,32% or more,*,56% or more,*,74% or more
2097,Lincoln County SD,852,67.72%,75.00% or more,17.37%,10.60% or less,1.29%,1.80% or less,*,95.00%,*,95.00%,*,95.00%,*,41.00%,*,41.00%,*,41.00%,*,95.00%,*,95.00%,*,95.00%,*,39.00%,*,39.00%,*,39.00%,98.68%,100.00%,62.22%,81.23%,56.25%,100.00%,Yes,62.00% or less,No ,0.00%,No ,0.00%,No ,0.00%,67.14,86.00% or more,77.19%,86.00% or more,3.16%,3.1% or less,*,32% or more,*,56% or more,*,74% or more
2012,Long Creek SD 17,*,*,75.00% or more,*,10.60% or less,*,1.80% or less,*,95.00%,*,95.00%,*,95.00%,*,41.00%,*,41.00%,*,41.00%,*,95.00%,*,95.00%,*,95.00%,*,39.00%,*,39.00%,*,39.00%,*,100.00%,*,81.23%,*,100.00%,No ,62.00% or less,No ,0.00%,No ,0.00%,No ,0.00%,*,86.00% or more,*,86.00% or more,*,3.1% or less,*,32% or more,*,56% or more,*,74% or more
2092,Lowell SD 71,90,91.11%,75.00% or more,4.44%,10.60% or less,0.00%,1.80% or less,*,95.00%,*,95.00%,*,95.00%,*,41.00%,*,41.00%,*,41.00%,*,95.00%,*,95.00%,*,95.00%,*,39.00%,*,39.00%,*,39.00%,100.00%,100.00%,*,81.23%,100.00%,100.00%,No ,62.00% or less,No ,0.00%,No ,0.00%,No ,0.00%,*,86.00% or more,*,86.00% or more,0.00%,3.1% or less,*,32% or more,*,56% or more,*,74% or more
2085,Mapleton SD 32,28,82.14%,75.00% or more,7.14%,10.60% or less,0.00%,1.80% or less,*,95.00%,*,95.00%,*,95.00%,*,41.00%,*,41.00%,*,41.00%,*,95.00%,*,95.00%,*,95.00%,*,39.00%,*,39.00%,*,39.00%,71.43%,100.00%,*,81.23%,*,100.00%,No ,62.00% or less,No ,0.00%,No ,0.00%,No ,0.00%,*,86.00% or more,*,86.00% or more,0.00%,3.1% or less,*,32% or more,*,56% or more,*,74% or more
2094,Marcola SD 79J,53,90.57%,75.00% or more,1.89%,10.60% or less,1.89%,1.80% or less,*,95.00%,*,95.00%,*,95.00%,*,41.00%,*,41.00%,*,41.00%,*,95.00%,*,95.00%,*,95.00%,*,39.00%,*,39.00%,*,39.00%,100.00%,100.00%,*,81.23%,100.00%,100.00%,No ,62.00% or less,No ,0.00%,No ,0.00%,No ,0.00%,*,86.00% or more,*,86.00% or more,0.00%,3.1% or less,*,32% or more,*,56% or more,*,74% or more
2090,McKenzie SD 68,34,61.76%,75.00% or more,0.00%,10.60% or less,8.82%,1.80% or less,*,95.00%,*,95.00%,*,95.00%,*,41.00%,*,41.00%,*,41.00%,*,95.00%,*,95.00%,*,95.00%,*,39.00%,*,39.00%,*,39.00%,*,100.00%,*,81.23%,*,100.00%,No ,62.00% or less,No ,0.00%,No ,0.00%,No ,0.00%,*,86.00% or more,*,86.00% or more,6.67%,3.1% or less,*,32% or more,*,56% or more,*,74% or more
2256,McMinnville SD 40,901,77.91%,75.00% or more,9.88%,10.60% or less,0.33%,1.80% or less,*,95.00%,*,95.00%,*,95.00%,*,41.00%,*,41.00%,*,41.00%,*,95.00%,*,95.00%,*,95.00%,*,39.00%,*,39.00%,*,39.00%,100.00%,100.00%,87.32%,81.23%,100.00%,100.00%,No ,62.00% or less,No ,0.00%,No ,0.00%,No ,0.00%,77.22,86.00% or more,77.97%,86.00% or more,0.71%,3.1% or less,*,32% or more,*,56% or more,*,74% or more
2048,Medford SD 549C,2215,78.28%,75.00% or more,10.07%,10.60% or less,0.50%,1.80% or less,*,95.00%,*,95.00%,*,95.00%,*,41.00%,*,41.00%,*,41.00%,*,95.00%,*,95.00%,*,95.00%,*,39.00%,*,39.00%,*,39.00%,99.60%,100.00%,76.03%,81.23%,92.31%,100.00%,Yes,62.00% or less,No ,0.00%,No ,0.00%,No ,0.00%,68.25,86.00% or more,77.87%,86.00% or more,4.72%,3.1% or less,*,32% or more,*,56% or more,*,74% or more
2205,Milton-Freewater Unified SD 7,211,69.19%,75.00% or more,7.11%,10.60% or less,0.00%,1.80% or less,*,95.00%,*,95.00%,*,95.00%,*,41.00%,*,41.00%,*,41.00%,*,95.00%,*,95.00%,*,95.00%,*,39.00%,*,39.00%,*,39.00%,80.95%,100.00%,76.92%,81.23%,66.67%,100.00%,Yes,62.00% or less,No ,0.00%,No ,0.00%,No ,0.00%,33.33,86.00% or more,60.00%,86.00% or more,3.08%,3.1% or less,*,32% or more,*,56% or more,*,74% or more
2249,Mitchell SD 55,93,93.55%,75.00% or more,6.45%,10.60% or less,0.00%,1.80% or less,*,95.00%,*,95.00%,*,95.00%,*,41.00%,*,41.00%,*,41.00%,*,95.00%,*,95.00%,*,95.00%,*,39.00%,*,39.00%,*,39.00%,100.00%,100.00%,*,81.23%,*,100.00%,No ,62.00% or less,No ,0.00%,No ,0.00%,No ,0.00%,29.63,86.00% or more,26.67%,86.00% or more,11.54%,3.1% or less,*,32% or more,*,56% or more,*,74% or more
1925,Molalla River SD 35,431,79.12%,75.00% or more,4.18%,10.60% or less,2.78%,1.80% or less,*,95.00%,*,95.00%,*,95.00%,*,41.00%,*,41.00%,*,41.00%,*,95.00%,*,95.00%,*,95.00%,*,39.00%,*,39.00%,*,39.00%,92.31%,100.00%,81.82%,81.23%,66.67%,100.00%,No ,62.00% or less,No ,0.00%,No ,0.00%,No ,0.00%,65.71,86.00% or more,73.91%,86.00% or more,4.44%,3.1% or less,*,32% or more,*,56% or more,*,74% or more
1898,Monroe SD 1J,46,69.57%,75.00% or more,4.35%,10.60% or less,4.35%,1.80% or less,*,95.00%,*,95.00%,*,95.00%,*,41.00%,*,41.00%,*,41.00%,*,95.00%,*,95.00%,*,95.00%,*,39.00%,*,39.00%,*,39.00%,*,100.00%,*,81.23%,83.33%,100.00%,No ,62.00% or less,No ,0.00%,No ,0.00%,No ,0.00%,*,86.00% or more,*,86.00% or more,5.56%,3.1% or less,*,32% or more,*,56% or more,*,74% or more
2010,Monument SD 8,8,87.50%,75.00% or more,0.00%,10.60% or less,0.00%,1.80% or less,*,95.00%,*,95.00%,*,95.00%,*,41.00%,*,41.00%,*,41.00%,*,95.00%,*,95.00%,*,95.00%,*,39.00%,*,39.00%,*,39.00%,*,100.00%,*,81.23%,*,100.00%,No ,62.00% or less,No ,0.00%,No ,0.00%,No ,0.00%,*,86.00% or more,*,86.00% or more,*,3.1% or less,*,32% or more,*,56% or more,*,74% or more
2147,Morrow SD 1,325,86.46%,75.00% or more,5.23%,10.60% or less,0.00%,1.80% or less,*,95.00%,*,95.00%,*,95.00%,*,41.00%,*,41.00%,*,41.00%,*,95.00%,*,95.00%,*,95.00%,*,39.00%,*,39.00%,*,39.00%,100.00%,100.00%,*,81.23%,33.33%,100.00%,No ,62.00% or less,No ,0.00%,No ,0.00%,No ,0.00%,66.67,86.00% or more,81.25%,86.00% or more,2.53%,3.1% or less,*,32% or more,*,56% or more,*,74% or more
2145,Mt Angel SD 91,94,76.60%,75.00% or more,5.32%,10.60% or less,0.00%,1.80% or less,*,95.00%,*,95.00%,*,95.00%,*,41.00%,*,41.00%,*,41.00%,*,95.00%,*,95.00%,*,95.00%,*,39.00%,*,39.00%,*,39.00%,95.65%,100.00%,85.71%,81.23%,83.33%,100.00%,No ,62.00% or less,No ,0.00%,No ,0.00%,No ,0.00%,*,86.00% or more,*,86.00% or more,3.57%,3.1% or less,*,32% or more,*,56% or more,*,74% or more
1968,Myrtle Point SD 41,78,73.08%,75.00% or more,6.41%,10.60% or less,0.00%,1.80% or less,*,95.00%,*,95.00%,*,95.00%,*,41.00%,*,41.00%,*,41.00%,*,95.00%,*,95.00%,*,95.00%,*,39.00%,*,39.00%,*,39.00%,*,100.00%,*,81.23%,83.33%,100.00%,No ,62.00% or less,No ,0.00%,No ,0.00%,No ,0.00%,*,86.00% or more,*,86.00% or more,0.00%,3.1% or less,*,32% or more,*,56% or more,*,74% or more
2198,Neah-Kah-Nie SD 56,124,74.19%,75.00% or more,10.48%,10.60% or less,0.00%,1.80% or less,*,95.00%,*,95.00%,*,95.00%,*,41.00%,*,41.00%,*,41.00%,*,95.00%,*,95.00%,*,95.00%,*,39.00%,*,39.00%,*,39.00%,100.00%,100.00%,57.14%,81.23%,100.00%,100.00%,No ,62.00% or less,No ,0.00%,No ,0.00%,No ,0.00%,*,86.00% or more,*,86.00% or more,0.00%,3.1% or less,*,32% or more,*,56% or more,*,74% or more
2199,Nestucca Valley SD 101J,81,71.60%,75.00% or more,17.28%,10.60% or less,0.00%,1.80% or less,*,95.00%,*,95.00%,*,95.00%,*,41.00%,*,41.00%,*,41.00%,*,95.00%,*,95.00%,*,95.00%,*,39.00%,*,39.00%,*,39.00%,*,100.00%,*,81.23%,100.00%,100.00%,No ,62.00% or less,No ,0.00%,No ,0.00%,No ,0.00%,*,86.00% or more,*,86.00% or more,0.00%,3.1% or less,*,32% or more,*,56% or more,*,74% or more
2254,Newberg SD 29J,679,86.75%,75.00% or more,2.95%,10.60% or less,0.88%,1.80% or less,*,95.00%,*,95.00%,*,95.00%,*,41.00%,*,41.00%,*,41.00%,*,95.00%,*,95.00%,*,95.00%,*,39.00%,*,39.00%,*,39.00%,97.01%,100.00%,83.78%,81.23%,62.50%,100.00%,No ,62.00% or less,No ,0.00%,No ,0.00%,No ,0.00%,54.72,86.00% or more,69.86%,86.00% or more,4.42%,3.1% or less,*,32% or more,*,56% or more,*,74% or more
1966,North Bend SD 13,604,76.49%,75.00% or more,5.30%,10.60% or less,0.33%,1.80% or less,*,95.00%,*,95.00%,*,95.00%,*,41.00%,*,41.00%,*,41.00%,*,95.00%,*,95.00%,*,95.00%,*,39.00%,*,39.00%,*,39.00%,100.00%,100.00%,78.43%,81.23%,100.00%,100.00%,No ,62.00% or less,No ,0.00%,No ,0.00%,No ,0.00%,32.86,86.00% or more,40.79%,86.00% or more,5.74%,3.1% or less,*,32% or more,*,56% or more,*,74% or more
1924,North Clackamas SD 12,2816,64.91%,75.00% or more,11.79%,10.60% or less,1.21%,1.80% or less,*,95.00%,*,95.00%,*,95.00%,*,41.00%,*,41.00%,*,41.00%,*,95.00%,*,95.00%,*,95.00%,*,39.00%,*,39.00%,*,39.00%,99.58%,100.00%,87.12%,81.23%,100.00%,100.00%,Yes,62.00% or less,No ,0.00%,No ,0.00%,No ,0.00%,72.36,86.00% or more,72.61%,86.00% or more,5.29%,3.1% or less,*,32% or more,*,56% or more,*,74% or more
1996,North Douglas SD 22,41,65.85%,75.00% or more,4.88%,10.60% or less,0.00%,1.80% or less,*,95.00%,*,95.00%,*,95.00%,*,41.00%,*,41.00%,*,41.00%,*,95.00%,*,95.00%,*,95.00%,*,39.00%,*,39.00%,*,39.00%,85.71%,100.00%,*,81.23%,*,100.00%,No ,62.00% or less,No ,0.00%,No ,0.00%,No ,0.00%,*,86.00% or more,*,86.00% or more,6.25%,3.1% or less,*,32% or more,*,56% or more,*,74% or more
2061,North Lake SD 14,53,98.11%,75.00% or more,0.00%,10.60% or less,0.00%,1.80% or less,*,95.00%,*,95.00%,*,95.00%,*,41.00%,*,41.00%,*,41.00%,*,95.00%,*,95.00%,*,95.00%,*,39.00%,*,39.00%,*,39.00%,*,100.00%,*,81.23%,*,100.00%,No ,62.00% or less,No ,0.00%,No ,0.00%,No ,0.00%,*,86.00% or more,*,86.00% or more,7.69%,3.1% or less,*,32% or more,*,56% or more,*,74% or more
2141,North Marion SD 15,293,74.74%,75.00% or more,15.02%,10.60% or less,1.37%,1.80% or less,*,95.00%,*,95.00%,*,95.00%,*,41.00%,*,41.00%,*,41.00%,*,95.00%,*,95.00%,*,95.00%,*,39.00%,*,39.00%,*,39.00%,92.31%,100.00%,74.07%,81.23%,0.00%,100.00%,No ,62.00% or less,No ,0.00%,No ,0.00%,No ,0.00%,67.86,86.00% or more,81.82%,86.00% or more,4.76%,3.1% or less,*,32% or more,*,56% or more,*,74% or more
2214,North Powder SD 8J,39,97.44%,75.00% or more,0.00%,10.60% or less,0.00%,1.80% or less,*,95.00%,*,95.00%,*,95.00%,*,41.00%,*,41.00%,*,41.00%,*,95.00%,*,95.00%,*,95.00%,*,39.00%,*,39.00%,*,39.00%,*,100.00%,*,81.23%,100.00%,100.00%,No ,62.00% or less,No ,0.00%,No ,0.00%,No ,0.00%,*,86.00% or more,*,86.00% or more,0.00%,3.1% or less,*,32% or more,*,56% or more,*,74% or more
2143,North Santiam SD 29J,392,65.56%,75.00% or more,18.37%,10.60% or less,0.26%,1.80% or less,*,95.00%,*,95.00%,*,95.00%,*,41.00%,*,41.00%,*,41.00%,*,95.00%,*,95.00%,*,95.00%,*,39.00%,*,39.00%,*,39.00%,100.00%,100.00%,61.11%,81.23%,100.00%,100.00%,Yes,62.00% or less,No ,0.00%,No ,0.00%,No ,0.00%,60.87,86.00% or more,62.07%,86.00% or more,1.59%,3.1% or less,*,32% or more,*,56% or more,*,74% or more
4131,North Wasco County SD 21,458,81.44%,75.00% or more,8.08%,10.60% or less,0.66%,1.80% or less,*,95.00%,*,95.00%,*,95.00%,*,41.00%,*,41.00%,*,41.00%,*,95.00%,*,95.00%,*,95.00%,*,39.00%,*,39.00%,*,39.00%,100.00%,100.00%,85.00%,81.23%,87.50%,100.00%,No ,62.00% or less,No ,0.00%,No ,0.00%,No ,0.00%,55.26,86.00% or more,63.33%,86.00% or more,4.83%,3.1% or less,*,32% or more,*,56% or more,*,74% or more
2110,Nyssa SD 26,182,87.91%,75.00% or more,0.55%,10.60% or less,0.55%,1.80% or less,*,95.00%,*,95.00%,*,95.00%,*,41.00%,*,41.00%,*,41.00%,*,95.00%,*,95.00%,*,95.00%,*,39.00%,*,39.00%,*,39.00%,100.00%,100.00%,81.25%,81.23%,100.00%,100.00%,No ,62.00% or less,No ,0.00%,No ,0.00%,No ,0.00%,92.31,86.00% or more,66.67%,86.00% or more,3.45%,3.1% or less,*,32% or more,*,56% or more,*,74% or more
1990,Oakland SD 1,88,81.82%,75.00% or more,6.82%,10.60% or less,0.00%,1.80% or less,*,95.00%,*,95.00%,*,95.00%,*,41.00%,*,41.00%,*,41.00%,*,95.00%,*,95.00%,*,95.00%,*,39.00%,*,39.00%,*,39.00%,100.00%,100.00%,*,81.23%,100.00%,100.00%,No ,62.00% or less,No ,0.00%,No ,0.00%,No ,0.00%,*,86.00% or more,*,86.00% or more,0.00%,3.1% or less,*,32% or more,*,56% or more,*,74% or more
2093,Oakridge SD 76,109,75.23%,75.00% or more,10.09%,10.60% or less,0.00%,1.80% or less,*,95.00%,*,95.00%,*,95.00%,*,41.00%,*,41.00%,*,41.00%,*,95.00%,*,95.00%,*,95.00%,*,39.00%,*,39.00%,*,39.00%,100.00%,100.00%,*,81.23%,*,100.00%,No ,62.00% or less,No ,0.00%,No ,0.00%,No ,0.00%,*,86.00% or more,*,86.00% or more,8.82%,3.1% or less,*,32% or more,*,56% or more,*,74% or more
2108,Ontario SD 8C,319,65.83%,75.00% or more,10.03%,10.60% or less,0.00%,1.80% or less,*,95.00%,*,95.00%,*,95.00%,*,41.00%,*,41.00%,*,41.00%,*,95.00%,*,95.00%,*,95.00%,*,39.00%,*,39.00%,*,39.00%,100.00%,100.00%,77.78%,81.23%,75.00%,100.00%,No ,62.00% or less,No ,0.00%,No ,0.00%,No ,0.00%,80.00,86.00% or more,92.86%,86.00% or more,2.17%,3.1% or less,*,32% or more,*,56% or more,*,74% or more
1928,Oregon City SD 62,1260,74.76%,75.00% or more,13.33%,10.60% or less,1.67%,1.80% or less,*,95.00%,*,95.00%,*,95.00%,*,41.00%,*,41.00%,*,41.00%,*,95.00%,*,95.00%,*,95.00%,*,39.00%,*,39.00%,*,39.00%,95.38%,100.00%,88.60%,81.23%,28.57%,100.00%,Yes,62.00% or less,No ,0.00%,No ,0.00%,No ,0.00%,67.54,86.00% or more,78.57%,86.00% or more,3.96%,3.1% or less,*,32% or more,*,56% or more,*,74% or more
1926,Oregon Trail SD 46,606,67.82%,75.00% or more,17.49%,10.60% or less,0.83%,1.80% or less,*,95.00%,*,95.00%,*,95.00%,*,41.00%,*,41.00%,*,41.00%,*,95.00%,*,95.00%,*,95.00%,*,39.00%,*,39.00%,*,39.00%,100.00%,100.00%,83.87%,81.23%,100.00%,100.00%,Yes,62.00% or less,No ,0.00%,No ,0.00%,No ,0.00%,70.00,86.00% or more,76.79%,86.00% or more,5.42%,3.1% or less,*,32% or more,*,56% or more,*,74% or more
2060,Paisley SD 11,24,100.00%,75.00% or more,0.00%,10.60% or less,0.00%,1.80% or less,*,95.00%,*,95.00%,*,95.00%,*,41.00%,*,41.00%,*,41.00%,*,95.00%,*,95.00%,*,95.00%,*,39.00%,*,39.00%,*,39.00%,100.00%,100.00%,*,81.23%,*,100.00%,No ,62.00% or less,No ,0.00%,No ,0.00%,No ,0.00%,*,86.00% or more,*,86.00% or more,*,3.1% or less,*,32% or more,*,56% or more,*,74% or more
2181,Parkrose SD 3,516,68.99%,75.00% or more,0.58%,10.60% or less,8.72%,1.80% or less,*,95.00%,*,95.00%,*,95.00%,*,41.00%,*,41.00%,*,41.00%,*,95.00%,*,95.00%,*,95.00%,*,39.00%,*,39.00%,*,39.00%,100.00%,100.00%,78.13%,81.23%,62.50%,100.00%,No ,62.00% or less,No ,0.00%,No ,0.00%,No ,0.00%,48.15,86.00% or more,50.00%,86.00% or more,4.88%,3.1% or less,*,32% or more,*,56% or more,*,74% or more
2207,Pendleton SD 16,459,62.96%,75.00% or more,9.80%,10.60% or less,0.22%,1.80% or less,*,95.00%,*,95.00%,*,95.00%,*,41.00%,*,41.00%,*,41.00%,*,95.00%,*,95.00%,*,95.00%,*,39.00%,*,39.00%,*,39.00%,100.00%,100.00%,80.77%,81.23%,90.91%,100.00%,No ,62.00% or less,No ,0.00%,No ,0.00%,No ,0.00%,63.41,86.00% or more,58.62%,86.00% or more,6.67%,3.1% or less,*,32% or more,*,56% or more,*,74% or more
2192,Perrydale SD 21,43,90.70%,75.00% or more,0.00%,10.60% or less,0.00%,1.80% or less,*,95.00%,*,95.00%,*,95.00%,*,41.00%,*,41.00%,*,41.00%,*,95.00%,*,95.00%,*,95.00%,*,39.00%,*,39.00%,*,39.00%,*,100.00%,*,81.23%,*,100.00%,No ,62.00% or less,No ,0.00%,No ,0.00%,No ,0.00%,*,86.00% or more,*,86.00% or more,0.00%,3.1% or less,*,32% or more,*,56% or more,*,74% or more
1900,Philomath SD 17J,165,70.30%,75.00% or more,6.06%,10.60% or less,0.61%,1.80% or less,*,95.00%,*,95.00%,*,95.00%,*,41.00%,*,41.00%,*,41.00%,*,95.00%,*,95.00%,*,95.00%,*,39.00%,*,39.00%,*,39.00%,100.00%,100.00%,91.30%,81.23%,62.50%,100.00%,No ,62.00% or less,No ,0.00%,No ,0.00%,No ,0.00%,72.22,86.00% or more,64.71%,86.00% or more,3.39%,3.1% or less,*,32% or more,*,56% or more,*,74% or more
2039,Phoenix-Talent SD 4,426,70.19%,75.00% or more,16.20%,10.60% or less,0.70%,1.80% or less,*,95.00%,*,95.00%,*,95.00%,*,41.00%,*,41.00%,*,41.00%,*,95.00%,*,95.00%,*,95.00%,*,39.00%,*,39.00%,*,39.00%,100.00%,100.00%,81.48%,81.23%,100.00%,100.00%,No ,62.00% or less,No ,0.00%,No ,0.00%,No ,0.00%,76.00,86.00% or more,69.70%,86.00% or more,2.16%,3.1% or less,*,32% or more,*,56% or more,*,74% or more
2202,Pilot Rock SD 2,38,89.47%,75.00% or more,0.00%,10.60% or less,0.00%,1.80% or less,*,95.00%,*,95.00%,*,95.00%,*,41.00%,*,41.00%,*,41.00%,*,95.00%,*,95.00%,*,95.00%,*,39.00%,*,39.00%,*,39.00%,*,100.00%,*,81.23%,*,100.00%,No ,62.00% or less,No ,0.00%,No ,0.00%,No ,0.00%,*,86.00% or more,*,86.00% or more,0.00%,3.1% or less,*,32% or more,*,56% or more,*,74% or more
2016,Pine Creek SD 5,*,*,75.00% or more,*,10.60% or less,*,1.80% or less,*,95.00%,*,95.00%,*,95.00%,*,41.00%,*,41.00%,*,41.00%,*,95.00%,*,95.00%,*,95.00%,*,39.00%,*,39.00%,*,39.00%,*,100.00%,*,81.23%,*,100.00%,No ,62.00% or less,No ,0.00%,No ,0.00%,No ,0.00%,*,86.00% or more,*,86.00% or more,*,3.1% or less,*,32% or more,*,56% or more,*,74% or more
1897,Pine Eagle SD 61,31,80.65%,75.00% or more,16.13%,10.60% or less,0.00%,1.80% or less,*,95.00%,*,95.00%,*,95.00%,*,41.00%,*,41.00%,*,41.00%,*,95.00%,*,95.00%,*,95.00%,*,39.00%,*,39.00%,*,39.00%,*,100.00%,*,81.23%,*,100.00%,No ,62.00% or less,No ,0.00%,No ,0.00%,No ,0.00%,*,86.00% or more,*,86.00% or more,0.00%,3.1% or less,*,32% or more,*,56% or more,*,74% or more
2047,Pinehurst SD 94,*,*,75.00% or more,*,10.60% or less,*,1.80% or less,*,95.00%,*,95.00%,*,95.00%,*,41.00%,*,41.00%,*,41.00%,*,95.00%,*,95.00%,*,95.00%,*,39.00%,*,39.00%,*,39.00%,*,100.00%,*,81.23%,*,100.00%,No ,62.00% or less,No ,0.00%,No ,0.00%,No ,0.00%,*,86.00% or more,*,86.00% or more,*,3.1% or less,*,32% or more,*,56% or more,*,74% or more
2081,Pleasant Hill SD 1,148,89.86%,75.00% or more,0.68%,10.60% or less,6.08%,1.80% or less,*,95.00%,*,95.00%,*,95.00%,*,41.00%,*,41.00%,*,41.00%,*,95.00%,*,95.00%,*,95.00%,*,39.00%,*,39.00%,*,39.00%,*,100.00%,77.78%,81.23%,100.00%,100.00%,No ,62.00% or less,No ,0.00%,No ,0.00%,No ,0.00%,86.67,86.00% or more,63.64%,86.00% or more,3.33%,3.1% or less,*,32% or more,*,56% or more,*,74% or more
2062,Plush SD 18,*,*,75.00% or more,*,10.60% or less,*,1.80% or less,*,95.00%,*,95.00%,*,95.00%,*,41.00%,*,41.00%,*,41.00%,*,95.00%,*,95.00%,*,95.00%,*,39.00%,*,39.00%,*,39.00%,*,100.00%,*,81.23%,*,100.00%,No ,62.00% or less,No ,0.00%,No ,0.00%,No ,0.00%,*,86.00% or more,*,86.00% or more,*,3.1% or less,*,32% or more,*,56% or more,*,74% or more
1973,Port Orford-Langlois SD 2CJ,25,92.00%,75.00% or more,0.00%,10.60% or less,0.00%,1.80% or less,*,95.00%,*,95.00%,*,95.00%,*,41.00%,*,41.00%,*,41.00%,*,95.00%,*,95.00%,*,95.00%,*,39.00%,*,39.00%,*,39.00%,*,100.00%,*,81.23%,*,100.00%,No ,62.00% or less,No ,0.00%,No ,0.00%,No ,0.00%,*,86.00% or more,*,86.00% or more,0.00%,3.1% or less,*,32% or more,*,56% or more,*,74% or more
2180,Portland SD 1J,7631,80.62%,75.00% or more,7.33%,10.60% or less,3.21%,1.80% or less,*,95.00%,*,95.00%,*,95.00%,*,41.00%,*,41.00%,*,41.00%,*,95.00%,*,95.00%,*,95.00%,*,39.00%,*,39.00%,*,39.00%,94.01%,100.00%,75.63%,81.23%,10.00%,100.00%,Yes,62.00% or less,No ,0.00%,No ,0.00%,No ,0.00%,63.85,86.00% or more,65.25%,86.00% or more,4.54%,3.1% or less,*,32% or more,*,56% or more,*,74% or more
1967,Powers SD 31,21,76.19%,75.00% or more,9.52%,10.60% or less,0.00%,1.80% or less,*,95.00%,*,95.00%,*,95.00%,*,41.00%,*,41.00%,*,41.00%,*,95.00%,*,95.00%,*,95.00%,*,39.00%,*,39.00%,*,39.00%,*,100.00%,*,81.23%,*,100.00%,No ,62.00% or less,No ,0.00%,No ,0.00%,No ,0.00%,*,86.00% or more,*,86.00% or more,*,3.1% or less,*,32% or more,*,56% or more,*,74% or more
2009,Prairie City SD 4,28,96.43%,75.00% or more,0.00%,10.60% or less,0.00%,1.80% or less,*,95.00%,*,95.00%,*,95.00%,*,41.00%,*,41.00%,*,41.00%,*,95.00%,*,95.00%,*,95.00%,*,39.00%,*,39.00%,*,39.00%,*,100.00%,*,81.23%,*,100.00%,No ,62.00% or less,No ,0.00%,No ,0.00%,No ,0.00%,*,86.00% or more,*,86.00% or more,0.00%,3.1% or less,*,32% or more,*,56% or more,*,74% or more
2045,Prospect SD 59,25,88.00%,75.00% or more,8.00%,10.60% or less,0.00%,1.80% or less,*,95.00%,*,95.00%,*,95.00%,*,41.00%,*,41.00%,*,41.00%,*,95.00%,*,95.00%,*,95.00%,*,39.00%,*,39.00%,*,39.00%,*,100.00%,*,81.23%,*,100.00%,No ,62.00% or less,No ,0.00%,No ,0.00%,No ,0.00%,*,86.00% or more,*,86.00% or more,0.00%,3.1% or less,*,32% or more,*,56% or more,*,74% or more
1946,Rainier SD 13,157,66.24%,75.00% or more,25.48%,10.60% or less,0.00%,1.80% or less,*,95.00%,*,95.00%,*,95.00%,*,41.00%,*,41.00%,*,41.00%,*,95.00%,*,95.00%,*,95.00%,*,39.00%,*,39.00%,*,39.00%,100.00%,100.00%,84.62%,81.23%,70.00%,100.00%,No ,62.00% or less,No ,0.00%,No ,0.00%,No ,0.00%,64.71,86.00% or more,92.86%,86.00% or more,2.44%,3.1% or less,*,32% or more,*,56% or more,*,74% or more
1977,Redmond SD 2J,964,82.16%,75.00% or more,7.37%,10.60% or less,0.41%,1.80% or less,*,95.00%,*,95.00%,*,95.00%,*,41.00%,*,41.00%,*,41.00%,*,95.00%,*,95.00%,*,95.00%,*,39.00%,*,39.00%,*,39.00%,95.92%,100.00%,78.02%,81.23%,80.00%,100.00%,Yes,62.00% or less,No ,0.00%,No ,0.00%,No ,0.00%,70.41,86.00% or more,76.74%,86.00% or more,7.33%,3.1% or less,*,32% or more,*,56% or more,*,74% or more
2001,Reedsport SD 105,116,73.28%,75.00% or more,9.48%,10.60% or less,0.86%,1.80% or less,*,95.00%,*,95.00%,*,95.00%,*,41.00%,*,41.00%,*,41.00%,*,95.00%,*,95.00%,*,95.00%,*,39.00%,*,39.00%,*,39.00%,100.00%,100.00%,*,81.23%,*,100.00%,No ,62.00% or less,No ,0.00%,No ,0.00%,No ,0.00%,18.18,86.00% or more,42.86%,86.00% or more,9.26%,3.1% or less,*,32% or more,*,56% or more,*,74% or more
2182,Reynolds SD 7,1782,58.64%,75.00% or more,11.67%,10.60% or less,4.99%,1.80% or less,*,95.00%,*,95.00%,*,95.00%,*,41.00%,*,41.00%,*,41.00%,*,95.00%,*,95.00%,*,95.00%,*,39.00%,*,39.00%,*,39.00%,97.30%,100.00%,71.43%,81.23%,80.00%,100.00%,No ,62.00% or less,No ,0.00%,No ,0.00%,No ,0.00%,48.60,86.00% or more,61.54%,86.00% or more,5.25%,3.1% or less,*,32% or more,*,56% or more,*,74% or more
1999,Riddle SD 70,63,61.90%,75.00% or more,11.11%,10.60% or less,1.59%,1.80% or less,*,95.00%,*,95.00%,*,95.00%,*,41.00%,*,41.00%,*,41.00%,*,95.00%,*,95.00%,*,95.00%,*,39.00%,*,39.00%,*,39.00%,81.82%,100.00%,*,81.23%,100.00%,100.00%,No ,62.00% or less,No ,0.00%,No ,0.00%,No ,0.00%,*,86.00% or more,*,86.00% or more,0.00%,3.1% or less,*,32% or more,*,56% or more,*,74% or more
2188,Riverdale SD 51J,53,98.11%,75.00% or more,0.00%,10.60% or less,1.89%,1.80% or less,*,95.00%,*,95.00%,*,95.00%,*,41.00%,*,41.00%,*,41.00%,*,95.00%,*,95.00%,*,95.00%,*,39.00%,*,39.00%,*,39.00%,100.00%,100.00%,*,81.23%,*,100.00%,No ,62.00% or less,No ,0.00%,No ,0.00%,No ,0.00%,81.82,86.00% or more,*,86.00% or more,0.00%,3.1% or less,*,32% or more,*,56% or more,*,74% or more
2044,Rogue River SD 35,184,90.76%,75.00% or more,2.72%,10.60% or less,1.09%,1.80% or less,*,95.00%,*,95.00%,*,95.00%,*,41.00%,*,41.00%,*,41.00%,*,95.00%,*,95.00%,*,95.00%,*,39.00%,*,39.00%,*,39.00%,100.00%,100.00%,78.57%,81.23%,87.50%,100.00%,No ,62.00% or less,No ,0.00%,No ,0.00%,No ,0.00%,58.82,86.00% or more,52.17%,86.00% or more,4.62%,3.1% or less,*,32% or more,*,56% or more,*,74% or more
2142,Salem-Keizer SD 24J,6795,73.20%,75.00% or more,12.54%,10.60% or less,0.96%,1.80% or less,*,95.00%,*,95.00%,*,95.00%,*,41.00%,*,41.00%,*,41.00%,*,95.00%,*,95.00%,*,95.00%,*,39.00%,*,39.00%,*,39.00%,93.65%,100.00%,75.12%,81.23%,50.00%,100.00%,No ,62.00% or less,No ,0.00%,No ,0.00%,No ,0.00%,62.63,86.00% or more,62.03%,86.00% or more,5.91%,3.1% or less,*,32% or more,*,56% or more,*,74% or more
2104,Santiam Canyon SD 129J,695,88.20%,75.00% or more,8.20%,10.60% or less,0.00%,1.80% or less,*,95.00%,*,95.00%,*,95.00%,*,41.00%,*,41.00%,*,41.00%,*,95.00%,*,95.00%,*,95.00%,*,39.00%,*,39.00%,*,39.00%,100.00%,100.00%,92.59%,81.23%,100.00%,100.00%,No ,62.00% or less,No ,0.00%,No ,0.00%,No ,0.00%,43.48,86.00% or more,48.00%,86.00% or more,13.49%,3.1% or less,*,32% or more,*,56% or more,*,74% or more
1944,Scappoose SD 1J,336,66.67%,75.00% or more,7.44%,10.60% or less,1.79%,1.80% or less,*,95.00%,*,95.00%,*,95.00%,*,41.00%,*,41.00%,*,41.00%,*,95.00%,*,95.00%,*,95.00%,*,39.00%,*,39.00%,*,39.00%,97.62%,100.00%,61.54%,81.23%,50.00%,100.00%,No ,62.00% or less,No ,0.00%,No ,0.00%,No ,0.00%,>95,86.00% or more,82.35%,86.00% or more,0.00%,3.1% or less,*,32% or more,*,56% or more,*,74% or more
2103,Scio SD 95,97,87.63%,75.00% or more,8.25%,10.60% or less,0.00%,1.80% or less,*,95.00%,*,95.00%,*,95.00%,*,41.00%,*,41.00%,*,41.00%,*,95.00%,*,95.00%,*,95.00%,*,39.00%,*,39.00%,*,39.00%,100.00%,100.00%,85.71%,81.23%,100.00%,100.00%,No ,62.00% or less,No ,0.00%,No ,0.00%,No ,0.00%,*,86.00% or more,58.33%,86.00% or more,0.00%,3.1% or less,*,32% or more,*,56% or more,*,74% or more
1935,Seaside SD 10,253,75.89%,75.00% or more,8.30%,10.60% or less,0.00%,1.80% or less,*,95.00%,*,95.00%,*,95.00%,*,41.00%,*,41.00%,*,41.00%,*,95.00%,*,95.00%,*,95.00%,*,39.00%,*,39.00%,*,39.00%,95.45%,100.00%,66.67%,81.23%,42.86%,100.00%,No ,62.00% or less,No ,0.00%,No ,0.00%,No ,0.00%,55.00,86.00% or more,72.00%,86.00% or more,6.76%,3.1% or less,*,32% or more,*,56% or more,*,74% or more
2257,Sheridan SD 48J,119,77.31%,75.00% or more,15.13%,10.60% or less,2.52%,1.80% or less,*,95.00%,*,95.00%,*,95.00%,*,41.00%,*,41.00%,*,41.00%,*,95.00%,*,95.00%,*,95.00%,*,39.00%,*,39.00%,*,39.00%,72.73%,100.00%,86.67%,81.23%,100.00%,100.00%,No ,62.00% or less,No ,0.00%,No ,0.00%,No ,0.00%,58.33,86.00% or more,41.67%,86.00% or more,6.90%,3.1% or less,*,32% or more,*,56% or more,*,74% or more
2195,Sherman County SD,40,75.00%,75.00% or more,20.00%,10.60% or less,0.00%,1.80% or less,*,95.00%,*,95.00%,*,95.00%,*,41.00%,*,41.00%,*,41.00%,*,95.00%,*,95.00%,*,95.00%,*,39.00%,*,39.00%,*,39.00%,*,100.00%,*,81.23%,*,100.00%,No ,62.00% or less,No ,0.00%,No ,0.00%,No ,0.00%,*,86.00% or more,*,86.00% or more,0.00%,3.1% or less,*,32% or more,*,56% or more,*,74% or more
2244,Sherwood SD 88J,585,85.47%,75.00% or more,5.64%,10.60% or less,2.05%,1.80% or less,*,95.00%,*,95.00%,*,95.00%,*,41.00%,*,41.00%,*,41.00%,*,95.00%,*,95.00%,*,95.00%,*,39.00%,*,39.00%,*,39.00%,100.00%,100.00%,82.50%,81.23%,100.00%,100.00%,Yes,62.00% or less,No ,0.00%,No ,0.00%,No ,0.00%,84.44,86.00% or more,86.36%,86.00% or more,0.00%,3.1% or less,*,32% or more,*,56% or more,*,74% or more
2138,Silver Falls SD 4J,519,80.92%,75.00% or more,9.63%,10.60% or less,0.39%,1.80% or less,*,95.00%,*,95.00%,*,95.00%,*,41.00%,*,41.00%,*,41.00%,*,95.00%,*,95.00%,*,95.00%,*,39.00%,*,39.00%,*,39.00%,96.23%,100.00%,92.86%,81.23%,100.00%,100.00%,Yes,62.00% or less,No ,0.00%,No ,0.00%,No ,0.00%,86.00,86.00% or more,82.05%,86.00% or more,0.52%,3.1% or less,*,32% or more,*,56% or more,*,74% or more
1978,Sisters SD 6,113,87.61%,75.00% or more,3.54%,10.60% or less,0.88%,1.80% or less,*,95.00%,*,95.00%,*,95.00%,*,41.00%,*,41.00%,*,41.00%,*,95.00%,*,95.00%,*,95.00%,*,39.00%,*,39.00%,*,39.00%,100.00%,100.00%,92.31%,81.23%,100.00%,100.00%,No ,62.00% or less,No ,0.00%,No ,0.00%,No ,0.00%,>95,86.00% or more,73.33%,86.00% or more,6.90%,3.1% or less,*,32% or more,*,56% or more,*,74% or more
2096,Siuslaw SD 97J,199,73.87%,75.00% or more,13.07%,10.60% or less,0.00%,1.80% or less,*,95.00%,*,95.00%,*,95.00%,*,41.00%,*,41.00%,*,41.00%,*,95.00%,*,95.00%,*,95.00%,*,39.00%,*,39.00%,*,39.00%,100.00%,100.00%,84.21%,81.23%,100.00%,100.00%,No ,62.00% or less,No ,0.00%,No ,0.00%,No ,0.00%,80.00,86.00% or more,68.75%,86.00% or more,0.00%,3.1% or less,*,32% or more,*,56% or more,*,74% or more
2022,South Harney SD 33,*,*,75.00% or more,*,10.60% or less,*,1.80% or less,*,95.00%,*,95.00%,*,95.00%,*,41.00%,*,41.00%,*,41.00%,*,95.00%,*,95.00%,*,95.00%,*,39.00%,*,39.00%,*,39.00%,*,100.00%,*,81.23%,*,100.00%,No ,62.00% or less,No ,0.00%,No ,0.00%,No ,0.00%,*,86.00% or more,*,86.00% or more,*,3.1% or less,*,32% or more,*,56% or more,*,74% or more
2087,South Lane SD 45J3,505,61.19%,75.00% or more,13.07%,10.60% or less,2.38%,1.80% or less,*,95.00%,*,95.00%,*,95.00%,*,41.00%,*,41.00%,*,41.00%,*,95.00%,*,95.00%,*,95.00%,*,39.00%,*,39.00%,*,39.00%,100.00%,100.00%,82.98%,81.23%,100.00%,100.00%,No ,62.00% or less,No ,0.00%,No ,0.00%,No ,0.00%,61.54,86.00% or more,55.00%,86.00% or more,7.85%,3.1% or less,*,32% or more,*,56% or more,*,74% or more
1994,South Umpqua SD 19,271,78.60%,75.00% or more,8.49%,10.60% or less,0.00%,1.80% or less,*,95.00%,*,95.00%,*,95.00%,*,41.00%,*,41.00%,*,41.00%,*,95.00%,*,95.00%,*,95.00%,*,39.00%,*,39.00%,*,39.00%,82.35%,100.00%,81.82%,81.23%,16.67%,100.00%,No ,62.00% or less,No ,0.00%,No ,0.00%,No ,0.00%,33.33,86.00% or more,72.73%,86.00% or more,1.59%,3.1% or less,*,32% or more,*,56% or more,*,74% or more
2225,South Wasco County SD 1,32,96.88%,75.00% or more,0.00%,10.60% or less,0.00%,1.80% or less,*,95.00%,*,95.00%,*,95.00%,*,41.00%,*,41.00%,*,41.00%,*,95.00%,*,95.00%,*,95.00%,*,39.00%,*,39.00%,*,39.00%,*,100.00%,*,81.23%,*,100.00%,No ,62.00% or less,No ,0.00%,No ,0.00%,No ,0.00%,*,86.00% or more,*,86.00% or more,0.00%,3.1% or less,*,32% or more,*,56% or more,*,74% or more
2247,Spray SD 1,*,*,75.00% or more,*,10.60% or less,*,1.80% or less,*,95.00%,*,95.00%,*,95.00%,*,41.00%,*,41.00%,*,41.00%,*,95.00%,*,95.00%,*,95.00%,*,39.00%,*,39.00%,*,39.00%,*,100.00%,*,81.23%,*,100.00%,No ,62.00% or less,No ,0.00%,No ,0.00%,No ,0.00%,*,86.00% or more,*,86.00% or more,*,3.1% or less,*,32% or more,*,56% or more,*,74% or more
2083,Springfield SD 19,1698,66.25%,75.00% or more,11.19%,10.60% or less,3.00%,1.80% or less,*,95.00%,*,95.00%,*,95.00%,*,41.00%,*,41.00%,*,41.00%,*,95.00%,*,95.00%,*,95.00%,*,39.00%,*,39.00%,*,39.00%,97.86%,100.00%,82.91%,81.23%,100.00%,100.00%,No ,62.00% or less,No ,0.00%,No ,0.00%,No ,0.00%,49.19,86.00% or more,58.02%,86.00% or more,5.33%,3.1% or less,*,32% or more,*,56% or more,*,74% or more
1948,St Helens SD 502,444,75.68%,75.00% or more,13.29%,10.60% or less,0.23%,1.80% or less,*,95.00%,*,95.00%,*,95.00%,*,41.00%,*,41.00%,*,41.00%,*,95.00%,*,95.00%,*,95.00%,*,39.00%,*,39.00%,*,39.00%,98.08%,100.00%,91.43%,81.23%,83.33%,100.00%,Yes,62.00% or less,No ,0.00%,No ,0.00%,No ,0.00%,80.95,86.00% or more,69.77%,86.00% or more,5.00%,3.1% or less,*,32% or more,*,56% or more,*,74% or more
2144,St Paul SD 45,19,63.16%,75.00% or more,10.53%,10.60% or less,0.00%,1.80% or less,*,95.00%,*,95.00%,*,95.00%,*,41.00%,*,41.00%,*,41.00%,*,95.00%,*,95.00%,*,95.00%,*,39.00%,*,39.00%,*,39.00%,*,100.00%,*,81.23%,*,100.00%,No ,62.00% or less,No ,0.00%,No ,0.00%,No ,0.00%,*,86.00% or more,*,86.00% or more,0.00%,3.1% or less,*,32% or more,*,56% or more,*,74% or more
2209,Stanfield SD 61,71,83.10%,75.00% or more,0.00%,10.60% or less,0.00%,1.80% or less,*,95.00%,*,95.00%,*,95.00%,*,41.00%,*,41.00%,*,41.00%,*,95.00%,*,95.00%,*,95.00%,*,39.00%,*,39.00%,*,39.00%,100.00%,100.00%,*,81.23%,100.00%,100.00%,No ,62.00% or less,No ,0.00%,No ,0.00%,No ,0.00%,*,86.00% or more,*,86.00% or more,0.00%,3.1% or less,*,32% or more,*,56% or more,*,74% or more
2018,Suntex SD 10,*,*,75.00% or more,*,10.60% or less,*,1.80% or less,*,95.00%,*,95.00%,*,95.00%,*,41.00%,*,41.00%,*,41.00%,*,95.00%,*,95.00%,*,95.00%,*,39.00%,*,39.00%,*,39.00%,*,100.00%,*,81.23%,*,100.00%,No ,62.00% or less,No ,0.00%,No ,0.00%,No ,0.00%,*,86.00% or more,*,86.00% or more,*,3.1% or less,*,32% or more,*,56% or more,*,74% or more
2003,Sutherlin SD 130,196,80.61%,75.00% or more,2.55%,10.60% or less,1.02%,1.80% or less,*,95.00%,*,95.00%,*,95.00%,*,41.00%,*,41.00%,*,41.00%,*,95.00%,*,95.00%,*,95.00%,*,39.00%,*,39.00%,*,39.00%,100.00%,100.00%,88.89%,81.23%,*,100.00%,No ,62.00% or less,No ,0.00%,No ,0.00%,No ,0.00%,83.33,86.00% or more,81.25%,86.00% or more,1.61%,3.1% or less,*,32% or more,*,56% or more,*,74% or more
2102,Sweet Home SD 55,440,75.68%,75.00% or more,11.59%,10.60% or less,0.00%,1.80% or less,*,95.00%,*,95.00%,*,95.00%,*,41.00%,*,41.00%,*,41.00%,*,95.00%,*,95.00%,*,95.00%,*,39.00%,*,39.00%,*,39.00%,96.00%,100.00%,88.46%,81.23%,66.67%,100.00%,No ,62.00% or less,No ,0.00%,No ,0.00%,No ,0.00%,64.86,86.00% or more,64.29%,86.00% or more,2.04%,3.1% or less,*,32% or more,*,56% or more,*,74% or more
2055,Three Rivers/Josephine County SD,581,73.67%,75.00% or more,11.19%,10.60% or less,0.17%,1.80% or less,*,95.00%,*,95.00%,*,95.00%,*,41.00%,*,41.00%,*,41.00%,*,95.00%,*,95.00%,*,95.00%,*,39.00%,*,39.00%,*,39.00%,100.00%,100.00%,75.00%,81.23%,100.00%,100.00%,No ,62.00% or less,No ,0.00%,No ,0.00%,No ,0.00%,68.97,86.00% or more,59.26%,86.00% or more,3.03%,3.1% or less,*,32% or more,*,56% or more,*,74% or more
2242,Tigard-Tualatin SD 23J,1404,73.01%,75.00% or more,5.98%,10.60% or less,1.92%,1.80% or less,*,95.00%,*,95.00%,*,95.00%,*,41.00%,*,41.00%,*,41.00%,*,95.00%,*,95.00%,*,95.00%,*,39.00%,*,39.00%,*,39.00%,100.00%,100.00%,74.44%,81.23%,100.00%,100.00%,No ,62.00% or less,No ,0.00%,No ,0.00%,No ,0.00%,68.81,86.00% or more,76.80%,86.00% or more,3.87%,3.1% or less,*,32% or more,*,56% or more,*,74% or more
2197,Tillamook SD 9,342,69.59%,75.00% or more,8.48%,10.60% or less,0.00%,1.80% or less,*,95.00%,*,95.00%,*,95.00%,*,41.00%,*,41.00%,*,41.00%,*,95.00%,*,95.00%,*,95.00%,*,39.00%,*,39.00%,*,39.00%,100.00%,100.00%,66.67%,81.23%,75.00%,100.00%,No ,62.00% or less,No ,0.00%,No ,0.00%,No ,0.00%,81.82,86.00% or more,72.73%,86.00% or more,5.77%,3.1% or less,*,32% or more,*,56% or more,*,74% or more
2222,Troy SD 54,*,*,75.00% or more,*,10.60% or less,*,1.80% or less,*,95.00%,*,95.00%,*,95.00%,*,41.00%,*,41.00%,*,41.00%,*,95.00%,*,95.00%,*,95.00%,*,39.00%,*,39.00%,*,39.00%,*,100.00%,*,81.23%,*,100.00%,No ,62.00% or less,No ,0.00%,No ,0.00%,No ,0.00%,*,86.00% or more,*,86.00% or more,*,3.1% or less,*,32% or more,*,56% or more,*,74% or more
2210,Ukiah SD 80R,*,*,75.00% or more,*,10.60% or less,*,1.80% or less,*,95.00%,*,95.00%,*,95.00%,*,41.00%,*,41.00%,*,41.00%,*,95.00%,*,95.00%,*,95.00%,*,39.00%,*,39.00%,*,39.00%,*,100.00%,*,81.23%,*,100.00%,No ,62.00% or less,No ,0.00%,No ,0.00%,No ,0.00%,*,86.00% or more,*,86.00% or more,*,3.1% or less,*,32% or more,*,56% or more,*,74% or more
2204,Umatilla SD 6R,134,82.09%,75.00% or more,16.42%,10.60% or less,0.00%,1.80% or less,*,95.00%,*,95.00%,*,95.00%,*,41.00%,*,41.00%,*,41.00%,*,95.00%,*,95.00%,*,95.00%,*,39.00%,*,39.00%,*,39.00%,88.89%,100.00%,66.67%,81.23%,50.00%,100.00%,No ,62.00% or less,No ,0.00%,No ,0.00%,No ,0.00%,83.33,86.00% or more,71.43%,86.00% or more,0.00%,3.1% or less,*,32% or more,*,56% or more,*,74% or more
2213,Union SD 5,39,84.62%,75.00% or more,2.56%,10.60% or less,0.00%,1.80% or less,*,95.00%,*,95.00%,*,95.00%,*,41.00%,*,41.00%,*,41.00%,*,95.00%,*,95.00%,*,95.00%,*,39.00%,*,39.00%,*,39.00%,100.00%,100.00%,*,81.23%,100.00%,100.00%,No ,62.00% or less,No ,0.00%,No ,0.00%,No ,0.00%,*,86.00% or more,*,86.00% or more,0.00%,3.1% or less,*,32% or more,*,56% or more,*,74% or more
2116,Vale SD 84,127,82.68%,75.00% or more,0.79%,10.60% or less,0.00%,1.80% or less,*,95.00%,*,95.00%,*,95.00%,*,41.00%,*,41.00%,*,41.00%,*,95.00%,*,95.00%,*,95.00%,*,39.00%,*,39.00%,*,39.00%,100.00%,100.00%,*,81.23%,100.00%,100.00%,No ,62.00% or less,No ,0.00%,No ,0.00%,No ,0.00%,*,86.00% or more,90.00%,86.00% or more,0.00%,3.1% or less,*,32% or more,*,56% or more,*,74% or more
1947,Vernonia SD 47J,104,75.96%,75.00% or more,5.77%,10.60% or less,2.88%,1.80% or less,*,95.00%,*,95.00%,*,95.00%,*,41.00%,*,41.00%,*,41.00%,*,95.00%,*,95.00%,*,95.00%,*,39.00%,*,39.00%,*,39.00%,100.00%,100.00%,77.78%,81.23%,100.00%,100.00%,No ,62.00% or less,No ,0.00%,No ,0.00%,No ,0.00%,75.00,86.00% or more,*,86.00% or more,8.11%,3.1% or less,*,32% or more,*,56% or more,*,74% or more
2220,Wallowa SD 12,30,96.67%,75.00% or more,0.00%,10.60% or less,0.00%,1.80% or less,*,95.00%,*,95.00%,*,95.00%,*,41.00%,*,41.00%,*,41.00%,*,95.00%,*,95.00%,*,95.00%,*,39.00%,*,39.00%,*,39.00%,*,100.00%,*,81.23%,*,100.00%,No ,62.00% or less,No ,0.00%,No ,0.00%,No ,0.00%,*,86.00% or more,*,86.00% or more,0.00%,3.1% or less,*,32% or more,*,56% or more,*,74% or more
1936,Warrenton-Hammond SD 30,158,72.15%,75.00% or more,19.62%,10.60% or less,0.00%,1.80% or less,*,95.00%,*,95.00%,*,95.00%,*,41.00%,*,41.00%,*,41.00%,*,95.00%,*,95.00%,*,95.00%,*,39.00%,*,39.00%,*,39.00%,100.00%,100.00%,85.71%,81.23%,100.00%,100.00%,No ,62.00% or less,No ,0.00%,No ,0.00%,No ,0.00%,84.62,86.00% or more,*,86.00% or more,6.25%,3.1% or less,*,32% or more,*,56% or more,*,74% or more
1922,West Linn-Wilsonville SD 3J,1131,91.16%,75.00% or more,0.97%,10.60% or less,0.53%,1.80% or less,*,95.00%,*,95.00%,*,95.00%,*,41.00%,*,41.00%,*,41.00%,*,95.00%,*,95.00%,*,95.00%,*,39.00%,*,39.00%,*,39.00%,100.00%,100.00%,84.96%,81.23%,65.00%,100.00%,No ,62.00% or less,No ,0.00%,No ,0.00%,No ,0.00%,80.26,86.00% or more,86.42%,86.00% or more,2.57%,3.1% or less,*,32% or more,*,56% or more,*,74% or more
2255,Willamina SD 30J,147,85.03%,75.00% or more,4.08%,10.60% or less,0.00%,1.80% or less,*,95.00%,*,95.00%,*,95.00%,*,41.00%,*,41.00%,*,41.00%,*,95.00%,*,95.00%,*,95.00%,*,39.00%,*,39.00%,*,39.00%,100.00%,100.00%,91.67%,81.23%,100.00%,100.00%,No ,62.00% or less,No ,0.00%,No ,0.00%,No ,0.00%,75.00,86.00% or more,83.33%,86.00% or more,0.00%,3.1% or less,*,32% or more,*,56% or more,*,74% or more
2002,Winston-Dillard SD 116,208,64.42%,75.00% or more,16.83%,10.60% or less,1.92%,1.80% or less,*,95.00%,*,95.00%,*,95.00%,*,41.00%,*,41.00%,*,41.00%,*,95.00%,*,95.00%,*,95.00%,*,39.00%,*,39.00%,*,39.00%,92.86%,100.00%,55.56%,81.23%,100.00%,100.00%,No ,62.00% or less,No ,0.00%,No ,0.00%,No ,0.00%,45.45,86.00% or more,41.67%,86.00% or more,9.26%,3.1% or less,*,32% or more,*,56% or more,*,74% or more
2146,Woodburn SD 103,867,83.16%,75.00% or more,9.11%,10.60% or less,1.04%,1.80% or less,*,95.00%,*,95.00%,*,95.00%,*,41.00%,*,41.00%,*,41.00%,*,95.00%,*,95.00%,*,95.00%,*,39.00%,*,39.00%,*,39.00%,100.00%,100.00%,91.30%,81.23%,75.00%,100.00%,No ,62.00% or less,No ,0.00%,No ,0.00%,No ,0.00%,74.00,86.00% or more,78.00%,86.00% or more,3.77%,3.1% or less,*,32% or more,*,56% or more,*,74% or more
2251,Yamhill Carlton SD 1,127,70.08%,75.00% or more,10.24%,10.60% or less,1.57%,1.80% or less,*,95.00%,*,95.00%,*,95.00%,*,41.00%,*,41.00%,*,41.00%,*,95.00%,*,95.00%,*,95.00%,*,39.00%,*,39.00%,*,39.00%,90.00%,100.00%,70.00%,81.23%,100.00%,100.00%,No ,62.00% or less,No ,0.00%,No ,0.00%,No ,0.00%,54.55,86.00% or more,84.62%,86.00% or more,2.13%,3.1% or less,*,32% or more,*,56% or more,*,74% or more
1997,Yoncalla SD 32,38,78.95%,75.00% or more,10.53%,10.60% or less,0.00%,1.80% or less,*,95.00%,*,95.00%,*,95.00%,*,41.00%,*,41.00%,*,41.00%,*,95.00%,*,95.00%,*,95.00%,*,39.00%,*,39.00%,*,39.00%,*,100.00%,*,81.23%,100.00%,100.00%,No ,62.00% or less,No ,0.00%,No ,0.00%,No ,0.00%,*,86.00% or more,*,86.00% or more,18.75%,3.1% or less,*,32% or more,*,56% or more,*,74% or more